[02:19:43] [main/INFO]: ModLauncher running: args [--username, Luigireal, --version, forge-47.4.20, --gameDir, C:\Users\User\curseforge\minecraft\Instances\jujutsu server nuestro, --assetsDir, C:\Users\User\curseforge\minecraft\Install\assets, --assetIndex, 5, --uuid, cd23f8c3d3104292a1e7ab8423d0a5cc, --accessToken, ????????, --clientId, af4cc4-efd0c2-df38e7-7a7f88-d5423c, --xuid, 2535447650791384, --userType, msa, --versionType, release, --width, 1024, --height, 768, --quickPlayPath, C:\Users\User\curseforge\minecraft\Quickplay\a330f0bc-7cd9-44e7-b59c-d62dd2a0df42.json, --launchTarget, forgeclient, --fml.forgeVersion, 47.4.20, --fml.mcVersion, 1.20.1, --fml.forgeGroup, net.minecraftforge, --fml.mcpVersion, 20230612.114412]
[02:19:43] [main/INFO]: ModLauncher 10.0.9+10.0.9+main.dcd20f30 starting: java version 17.0.8 by Eclipse Adoptium; OS Windows 10 arch amd64 version 10.0
[02:19:44] [main/INFO]: Loading ImmediateWindowProvider fmlearlywindow
[02:19:44] [main/INFO]: Trying GL version 4.6
[02:19:44] [main/INFO]: Requested GL version 4.6 got version 4.6
[02:19:44] [main/INFO]: SpongePowered MIXIN Subsystem Version=0.8.5 Source=union:/C:/Users/User/curseforge/minecraft/Install/libraries/org/spongepowered/mixin/0.8.5/mixin-0.8.5.jar%23100!/ Service=ModLauncher Env=CLIENT
[02:19:44] [pool-2-thread-1/INFO]: GL info: NVIDIA GeForce GTX 1650/PCIe/SSE2 GL version 4.6.0 NVIDIA 560.94, NVIDIA Corporation
[02:19:44] [main/INFO]: Found mod file almirioncore-1.0.0.jar of type MOD with provider {mods folder locator at C:\Users\User\curseforge\minecraft\Instances\jujutsu server nuestro\mods}
[02:19:44] [main/INFO]: Found mod file architectury-9.2.14-forge.jar of type MOD with provider {mods folder locator at C:\Users\User\curseforge\minecraft\Instances\jujutsu server nuestro\mods}
[02:19:44] [main/INFO]: Found mod file BadOptimizations-2.4.1-1.20.1.jar of type MOD with provider {mods folder locator at C:\Users\User\curseforge\minecraft\Instances\jujutsu server nuestro\mods}
[02:19:44] [main/INFO]: Found mod file betterlockon-2.0.10-forge.jar of type MOD with provider {mods folder locator at C:\Users\User\curseforge\minecraft\Instances\jujutsu server nuestro\mods}
[02:19:44] [main/INFO]: Found mod file CNPC-Gecko-Addon-1.20.1-1.0.6.jar of type MOD with provider {mods folder locator at C:\Users\User\curseforge\minecraft\Instances\jujutsu server nuestro\mods}
[02:19:44] [main/INFO]: Found mod file cnpc_items-1.3.jar of type MOD with provider {mods folder locator at C:\Users\User\curseforge\minecraft\Instances\jujutsu server nuestro\mods}
[02:19:44] [main/INFO]: Found mod file CreativeCore_FORGE_v2.12.38_mc1.20.1.jar of type MOD with provider {mods folder locator at C:\Users\User\curseforge\minecraft\Instances\jujutsu server nuestro\mods}
[02:19:44] [main/INFO]: Found mod file curios-forge-5.14.1+1.20.1.jar of type MOD with provider {mods folder locator at C:\Users\User\curseforge\minecraft\Instances\jujutsu server nuestro\mods}
[02:19:44] [main/INFO]: Found mod file CustomNPCs-1.20.1-GBPort-Unofficial-1.20.1.20260227.jar of type MOD with provider {mods folder locator at C:\Users\User\curseforge\minecraft\Instances\jujutsu server nuestro\mods}
[02:19:44] [main/INFO]: Found mod file DistantHorizons-forge-2.4.4-b-dev-1.20.1.jar of type MOD with provider {mods folder locator at C:\Users\User\curseforge\minecraft\Instances\jujutsu server nuestro\mods}
[02:19:44] [main/INFO]: Found mod file dummmmmmy-1.20-2.0.12-forge.jar of type MOD with provider {mods folder locator at C:\Users\User\curseforge\minecraft\Instances\jujutsu server nuestro\mods}
[02:19:44] [main/INFO]: Found mod file dungeonmaster-1.0.0.jar of type MOD with provider {mods folder locator at C:\Users\User\curseforge\minecraft\Instances\jujutsu server nuestro\mods}
[02:19:44] [main/INFO]: Found mod file embeddium-0.3.31+mc1.20.1.jar of type MOD with provider {mods folder locator at C:\Users\User\curseforge\minecraft\Instances\jujutsu server nuestro\mods}
[02:19:44] [main/INFO]: Found mod file EntityBlockDrops-1.3.jar of type MOD with provider {mods folder locator at C:\Users\User\curseforge\minecraft\Instances\jujutsu server nuestro\mods}
[02:19:44] [main/INFO]: Found mod file epic x parcool-forge-20.12.0.1-1.20.1.jar of type MOD with provider {mods folder locator at C:\Users\User\curseforge\minecraft\Instances\jujutsu server nuestro\mods}
[02:19:44] [main/INFO]: Found mod file epicfight-fix (55).jar of type MOD with provider {mods folder locator at C:\Users\User\curseforge\minecraft\Instances\jujutsu server nuestro\mods}
[02:19:44] [main/INFO]: Found mod file esquivesrework2.jar of type MOD with provider {mods folder locator at C:\Users\User\curseforge\minecraft\Instances\jujutsu server nuestro\mods}
[02:19:44] [main/INFO]: Found mod file ftb-library-forge-2001.2.12.jar of type MOD with provider {mods folder locator at C:\Users\User\curseforge\minecraft\Instances\jujutsu server nuestro\mods}
[02:19:44] [main/INFO]: Found mod file ftb-quests-forge-2001.4.21.jar of type MOD with provider {mods folder locator at C:\Users\User\curseforge\minecraft\Instances\jujutsu server nuestro\mods}
[02:19:44] [main/INFO]: Found mod file ftb-teams-forge-2001.3.2.jar of type MOD with provider {mods folder locator at C:\Users\User\curseforge\minecraft\Instances\jujutsu server nuestro\mods}
[02:19:44] [main/INFO]: Found mod file geckolib-forge-1.20.1-4.8.3.jar of type MOD with provider {mods folder locator at C:\Users\User\curseforge\minecraft\Instances\jujutsu server nuestro\mods}
[02:19:44] [main/INFO]: Found mod file gpumemleakfix-1.20.1-1.8.jar of type MOD with provider {mods folder locator at C:\Users\User\curseforge\minecraft\Instances\jujutsu server nuestro\mods}
[02:19:44] [main/INFO]: Found mod file Immersive Vehicles-1.20.1-24.0.0.jar of type MOD with provider {mods folder locator at C:\Users\User\curseforge\minecraft\Instances\jujutsu server nuestro\mods}
[02:19:44] [main/INFO]: Found mod file iris_shader_folder-1.3.2-forge.jar of type MOD with provider {mods folder locator at C:\Users\User\curseforge\minecraft\Instances\jujutsu server nuestro\mods}
[02:19:44] [main/INFO]: Found mod file jei-1.20.1-forge-15.20.0.112.jar of type MOD with provider {mods folder locator at C:\Users\User\curseforge\minecraft\Instances\jujutsu server nuestro\mods}
[02:19:44] [main/INFO]: Found mod file jjkblueredpurple-1.1.1.jar of type MOD with provider {mods folder locator at C:\Users\User\curseforge\minecraft\Instances\jujutsu server nuestro\mods}
[02:19:44] [main/INFO]: Found mod file jjkhunterworld-1.0.0.jar of type MOD with provider {mods folder locator at C:\Users\User\curseforge\minecraft\Instances\jujutsu server nuestro\mods}
[02:19:44] [main/INFO]: Found mod file JJKHVPhone (7).jar of type MOD with provider {mods folder locator at C:\Users\User\curseforge\minecraft\Instances\jujutsu server nuestro\mods}
[02:19:44] [main/INFO]: Found mod file jjknpcbuff-3.0.1.jar of type MOD with provider {mods folder locator at C:\Users\User\curseforge\minecraft\Instances\jujutsu server nuestro\mods}
[02:19:44] [main/INFO]: Found mod file jjkstats-1.0.0.jar of type MOD with provider {mods folder locator at C:\Users\User\curseforge\minecraft\Instances\jujutsu server nuestro\mods}
[02:19:44] [main/INFO]: Found mod file JJSK4.3.jar of type MOD with provider {mods folder locator at C:\Users\User\curseforge\minecraft\Instances\jujutsu server nuestro\mods}
[02:19:44] [main/INFO]: Found mod file jujutsu.jar of type MOD with provider {mods folder locator at C:\Users\User\curseforge\minecraft\Instances\jujutsu server nuestro\mods}
[02:19:44] [main/INFO]: Found mod file jujutsualm-1.0.0.99.jar of type MOD with provider {mods folder locator at C:\Users\User\curseforge\minecraft\Instances\jujutsu server nuestro\mods}
[02:19:44] [main/INFO]: Found mod file JujutsuCraftV_1.20.1_ver2.96.jar of type MOD with provider {mods folder locator at C:\Users\User\curseforge\minecraft\Instances\jujutsu server nuestro\mods}
[02:19:44] [main/INFO]: Found mod file JustEnoughResources-1.20.1-1.4.0.247.jar of type MOD with provider {mods folder locator at C:\Users\User\curseforge\minecraft\Instances\jujutsu server nuestro\mods}
[02:19:44] [main/INFO]: Found mod file locker_mod.jar of type MOD with provider {mods folder locator at C:\Users\User\curseforge\minecraft\Instances\jujutsu server nuestro\mods}
[02:19:44] [main/INFO]: Found mod file mobhealthbar-forge-1.20.x-2.3.0.jar of type MOD with provider {mods folder locator at C:\Users\User\curseforge\minecraft\Instances\jujutsu server nuestro\mods}
[02:19:44] [main/INFO]: Found mod file modern_jujutsu-1.0.jar of type MOD with provider {mods folder locator at C:\Users\User\curseforge\minecraft\Instances\jujutsu server nuestro\mods}
[02:19:44] [main/INFO]: Found mod file moonlight-1.20-2.16.33-forge.jar of type MOD with provider {mods folder locator at C:\Users\User\curseforge\minecraft\Instances\jujutsu server nuestro\mods}
[02:19:44] [main/INFO]: Found mod file MTS Official Pack-1.20.1-V29.jar of type MOD with provider {mods folder locator at C:\Users\User\curseforge\minecraft\Instances\jujutsu server nuestro\mods}
[02:19:44] [main/INFO]: Found mod file notenoughanimations-forge-1.12.3-mc1.20.1.jar of type MOD with provider {mods folder locator at C:\Users\User\curseforge\minecraft\Instances\jujutsu server nuestro\mods}
[02:19:44] [main/INFO]: Found mod file OAmP-1.20.1-V3.jar of type MOD with provider {mods folder locator at C:\Users\User\curseforge\minecraft\Instances\jujutsu server nuestro\mods}
[02:19:44] [main/INFO]: Found mod file oculus-mc1.20.1-1.8.0.jar of type MOD with provider {mods folder locator at C:\Users\User\curseforge\minecraft\Instances\jujutsu server nuestro\mods}
[02:19:44] [main/INFO]: Found mod file ParCool-1.20.1-3.4.3.3.jar of type MOD with provider {mods folder locator at C:\Users\User\curseforge\minecraft\Instances\jujutsu server nuestro\mods}
[02:19:44] [main/INFO]: Found mod file Pehkui-3.8.2+1.20.1-forge.jar of type MOD with provider {mods folder locator at C:\Users\User\curseforge\minecraft\Instances\jujutsu server nuestro\mods}
[02:19:44] [main/INFO]: Found mod file player-animation-lib-forge-1.0.2-rc1+1.20.jar of type MOD with provider {mods folder locator at C:\Users\User\curseforge\minecraft\Instances\jujutsu server nuestro\mods}
[02:19:44] [main/INFO]: Found mod file pointblank-forge-1.20.1-1.11.1.jar of type MOD with provider {mods folder locator at C:\Users\User\curseforge\minecraft\Instances\jujutsu server nuestro\mods}
[02:19:44] [main/INFO]: Found mod file ShoulderSurfing-Forge-1.20.1-4.22.10.jar of type MOD with provider {mods folder locator at C:\Users\User\curseforge\minecraft\Instances\jujutsu server nuestro\mods}
[02:19:44] [main/INFO]: Found mod file sodiumdynamiclights-forge-1.0.10-1.20.1.jar of type MOD with provider {mods folder locator at C:\Users\User\curseforge\minecraft\Instances\jujutsu server nuestro\mods}
[02:19:44] [main/INFO]: Found mod file sodiumextras-forge-1.0.7-1.20.1.jar of type MOD with provider {mods folder locator at C:\Users\User\curseforge\minecraft\Instances\jujutsu server nuestro\mods}
[02:19:44] [main/INFO]: Found mod file sodiumoptionsapi-forge-1.0.10-1.20.1.jar of type MOD with provider {mods folder locator at C:\Users\User\curseforge\minecraft\Instances\jujutsu server nuestro\mods}
[02:19:44] [main/INFO]: Found mod file summoncore-1.0.0.jar of type MOD with provider {mods folder locator at C:\Users\User\curseforge\minecraft\Instances\jujutsu server nuestro\mods}
[02:19:44] [main/INFO]: Found mod file yuushya-1.20.1-forge-2.2.3.jar of type MOD with provider {mods folder locator at C:\Users\User\curseforge\minecraft\Instances\jujutsu server nuestro\mods}
[02:19:44] [main/INFO]: Found mod file zergatul.freecam-2.0.1-forge-1.20.1.jar of type MOD with provider {mods folder locator at C:\Users\User\curseforge\minecraft\Instances\jujutsu server nuestro\mods}
[02:19:44] [main/WARN]: Mod file C:\Users\User\curseforge\minecraft\Install\libraries\net\minecraftforge\fmlcore\1.20.1-47.4.20\fmlcore-1.20.1-47.4.20.jar is missing mods.toml file
[02:19:44] [main/WARN]: Mod file C:\Users\User\curseforge\minecraft\Install\libraries\net\minecraftforge\javafmllanguage\1.20.1-47.4.20\javafmllanguage-1.20.1-47.4.20.jar is missing mods.toml file
[02:19:44] [main/WARN]: Mod file C:\Users\User\curseforge\minecraft\Install\libraries\net\minecraftforge\lowcodelanguage\1.20.1-47.4.20\lowcodelanguage-1.20.1-47.4.20.jar is missing mods.toml file
[02:19:44] [main/WARN]: Mod file C:\Users\User\curseforge\minecraft\Install\libraries\net\minecraftforge\mclanguage\1.20.1-47.4.20\mclanguage-1.20.1-47.4.20.jar is missing mods.toml file
[02:19:44] [main/INFO]: Found mod file fmlcore-1.20.1-47.4.20.jar of type LIBRARY with provider net.minecraftforge.fml.loading.moddiscovery.MinecraftLocator@29d37757
[02:19:44] [main/INFO]: Found mod file javafmllanguage-1.20.1-47.4.20.jar of type LANGPROVIDER with provider net.minecraftforge.fml.loading.moddiscovery.MinecraftLocator@29d37757
[02:19:44] [main/INFO]: Found mod file lowcodelanguage-1.20.1-47.4.20.jar of type LANGPROVIDER with provider net.minecraftforge.fml.loading.moddiscovery.MinecraftLocator@29d37757
[02:19:44] [main/INFO]: Found mod file mclanguage-1.20.1-47.4.20.jar of type LANGPROVIDER with provider net.minecraftforge.fml.loading.moddiscovery.MinecraftLocator@29d37757
[02:19:44] [main/INFO]: Found mod file client-1.20.1-20230612.114412-srg.jar of type MOD with provider net.minecraftforge.fml.loading.moddiscovery.MinecraftLocator@29d37757
[02:19:44] [main/INFO]: Found mod file forge-1.20.1-47.4.20-universal.jar of type MOD with provider net.minecraftforge.fml.loading.moddiscovery.MinecraftLocator@29d37757
[02:19:44] [main/INFO]: Found 9 dependencies adding them to mods collection
[02:19:44] [main/INFO]: Found mod file MixinSquared-0.1.1.jar of type GAMELIBRARY with provider net.minecraftforge.fml.loading.moddiscovery.JarInJarDependencyLocator@60d1b21f
[02:19:44] [main/INFO]: Found mod file mclib-20.jar of type GAMELIBRARY with provider net.minecraftforge.fml.loading.moddiscovery.JarInJarDependencyLocator@60d1b21f
[02:19:44] [main/INFO]: Found mod file fabric-api-base-0.4.31+ef105b4977.jar of type MOD with provider net.minecraftforge.fml.loading.moddiscovery.JarInJarDependencyLocator@60d1b21f
[02:19:44] [main/INFO]: Found mod file TRender-1.0.13-1.20.1-forge-SNAPSHOT.jar of type MOD with provider net.minecraftforge.fml.loading.moddiscovery.JarInJarDependencyLocator@60d1b21f
[02:19:44] [main/INFO]: Found mod file MixinExtras-0.5.0.jar of type GAMELIBRARY with provider net.minecraftforge.fml.loading.moddiscovery.JarInJarDependencyLocator@60d1b21f
[02:19:44] [main/INFO]: Found mod file mixinextras-forge-0.5.0.jar of type GAMELIBRARY with provider net.minecraftforge.fml.loading.moddiscovery.JarInJarDependencyLocator@60d1b21f
[02:19:44] [main/INFO]: Found mod file mixinsquared-forge-0.1.1.jar of type GAMELIBRARY with provider net.minecraftforge.fml.loading.moddiscovery.JarInJarDependencyLocator@60d1b21f
[02:19:44] [main/INFO]: Found mod file TRansition-1.0.19-1.20.1-forge-SNAPSHOT.jar of type MOD with provider net.minecraftforge.fml.loading.moddiscovery.JarInJarDependencyLocator@60d1b21f
[02:19:44] [main/INFO]: Found mod file jcpp-1.4.14.jar of type GAMELIBRARY with provider net.minecraftforge.fml.loading.moddiscovery.JarInJarDependencyLocator@60d1b21f
[02:19:46] [main/INFO]: Compatibility level set to JAVA_17
[02:19:47] [main/ERROR]: Mixin config yuushya.mixins.json does not specify "minVersion" property
[02:19:47] [main/INFO]: Successfully loaded Mixin Connector [mcinterface1201.mixin.MixinConnector]
[02:19:47] [main/INFO]: Launching target 'forgeclient' with arguments [--version, forge-47.4.20, --gameDir, C:\Users\User\curseforge\minecraft\Instances\jujutsu server nuestro, --assetsDir, C:\Users\User\curseforge\minecraft\Install\assets, --uuid, cd23f8c3d3104292a1e7ab8423d0a5cc, --username, Luigireal, --assetIndex, 5, --accessToken, ????????, --clientId, af4cc4-efd0c2-df38e7-7a7f88-d5423c, --xuid, 2535447650791384, --userType, msa, --versionType, release, --width, 1024, --height, 768, --quickPlayPath, C:\Users\User\curseforge\minecraft\Quickplay\a330f0bc-7cd9-44e7-b59c-d62dd2a0df42.json]
[02:19:47] [main/INFO]: Loaded configuration file for Embeddium: 105 options available, 3 override(s) found
[02:19:47] [main/INFO]: Searching for graphics cards...
[02:19:47] [main/INFO]: Found graphics card: GraphicsAdapterInfo[vendor=UNKNOWN, name=SudoMaker Virtual Display Adapter, version=DriverVersion=1.10.9.289]
[02:19:47] [main/INFO]: Found graphics card: GraphicsAdapterInfo[vendor=NVIDIA, name=NVIDIA GeForce GTX 1650, version=DriverVersion=32.0.15.6094]
[02:19:47] [main/WARN]: Embeddium has applied one or more workarounds to prevent crashes or other issues on your system: [NVIDIA_THREADED_OPTIMIZATIONS]
[02:19:47] [main/WARN]: This is not necessarily an issue, but it may result in certain features or optimizations being disabled. You can sometimes fix these issues by upgrading your graphics driver.
[02:19:47] [main/INFO]: Config version: 6
[02:19:47] [main/INFO]: BadOptimizations config dump:
[02:19:47] [main/INFO]: enable_toast_optimizations: true
[02:19:47] [main/INFO]: ignore_mod_incompatibilities: false
[02:19:47] [main/INFO]: lightmap_time_change_needed_for_update: 80
[02:19:47] [main/INFO]: enable_lightmap_caching: true
[02:19:47] [main/INFO]: enable_particle_manager_optimization: true
[02:19:47] [main/INFO]: enable_entity_renderer_caching: true
[02:19:47] [main/INFO]: log_config: true
[02:19:47] [main/INFO]: enable_remove_redundant_fov_calculations: true
[02:19:47] [main/INFO]: config_version: 6
[02:19:47] [main/INFO]: enable_sky_angle_caching_in_worldrenderer: true
[02:19:47] [main/INFO]: enable_block_entity_renderer_caching: true
[02:19:47] [main/INFO]: skycolor_time_change_needed_for_update: 3
[02:19:47] [main/INFO]: enable_entity_flag_caching: true
[02:19:47] [main/INFO]: ignore_mod_cache_hooks: false
[02:19:47] [main/INFO]: enable_debug_renderer_disable_if_not_needed: true
[02:19:47] [main/INFO]: enable_sky_color_caching: true
[02:19:47] [main/INFO]: enable_remove_tutorial_if_not_demo: true
[02:19:47] [main/INFO]: show_f3_text: true
[02:19:48] [main/WARN]: Error loading class: dev/tr7zw/skinlayers/versionless/render/CustomModelPart (java.lang.ClassNotFoundException: dev.tr7zw.skinlayers.versionless.render.CustomModelPart)
[02:19:48] [main/WARN]: @Mixin target dev.tr7zw.skinlayers.versionless.render.CustomModelPart was not found mixins.epicfight.json:skinlayers.MixinCustomModelPart
[02:19:48] [main/WARN]: Error loading class: dev/tr7zw/skinlayers/versionless/render/CustomizableCube (java.lang.ClassNotFoundException: dev.tr7zw.skinlayers.versionless.render.CustomizableCube)
[02:19:48] [main/WARN]: @Mixin target dev.tr7zw.skinlayers.versionless.render.CustomizableCube was not found mixins.epicfight.json:skinlayers.MixinCustomizableCubeWrapper$SkinLayer3DMixinCustomModelCube
[02:19:48] [main/WARN]: Error loading class: de/teamlapen/vampirism/client/renderer/entity/layers/VampirePlayerHeadLayer (java.lang.ClassNotFoundException: de.teamlapen.vampirism.client.renderer.entity.layers.VampirePlayerHeadLayer)
[02:19:48] [main/WARN]: @Mixin target de.teamlapen.vampirism.client.renderer.entity.layers.VampirePlayerHeadLayer was not found mixins.epicfight.json:teamlapen.MixinVampirePlayerHeadLayer
[02:19:48] [main/WARN]: Error loading class: de/teamlapen/werewolves/client/render/layer/HumanWerewolfLayer (java.lang.ClassNotFoundException: de.teamlapen.werewolves.client.render.layer.HumanWerewolfLayer)
[02:19:48] [main/WARN]: @Mixin target de.teamlapen.werewolves.client.render.layer.HumanWerewolfLayer was not found mixins.epicfight.json:teamlapen.MixinHumanWerewolfLayer
[02:19:48] [main/WARN]: Error loading class: net/caffeinemc/mods/sodium/client/model/light/data/ArrayLightDataCache (java.lang.ClassNotFoundException: net.caffeinemc.mods.sodium.client.model.light.data.ArrayLightDataCache)
[02:19:48] [main/WARN]: Error loading class: net/caffeinemc/mods/sodium/client/model/light/flat/FlatLightPipeline (java.lang.ClassNotFoundException: net.caffeinemc.mods.sodium.client.model.light.flat.FlatLightPipeline)
[02:19:48] [main/WARN]: Error loading class: net/caffeinemc/mods/sodium/client/model/light/data/LightDataAccess (java.lang.ClassNotFoundException: net.caffeinemc.mods.sodium.client.model.light.data.LightDataAccess)
[02:19:48] [main/WARN]: Error loading class: net/fabricmc/fabric/impl/client/indigo/renderer/aocalc/AoCalculator (java.lang.ClassNotFoundException: net.fabricmc.fabric.impl.client.indigo.renderer.aocalc.AoCalculator)
[02:19:48] [main/WARN]: Error loading class: reascer/wom/animation/attacks/BasicMultipleAttackAnimation (java.lang.ClassNotFoundException: reascer.wom.animation.attacks.BasicMultipleAttackAnimation)
[02:19:48] [main/WARN]: @Mixin target reascer.wom.animation.attacks.BasicMultipleAttackAnimation was not found betterlockon.compat.mixins.json:BasicMultipleAttackAnimationMixin
[02:19:48] [main/WARN]: Error loading class: com/github/leawind/thirdperson/core/CameraAgent (java.lang.ClassNotFoundException: com.github.leawind.thirdperson.core.CameraAgent)
[02:19:48] [main/WARN]: @Mixin target com.github.leawind.thirdperson.core.CameraAgent was not found betterlockon.compat.mixins.json:CameraAgentMixin
[02:19:48] [main/WARN]: Error loading class: com/github/leawind/thirdperson/core/EntityAgent (java.lang.ClassNotFoundException: com.github.leawind.thirdperson.core.EntityAgent)
[02:19:48] [main/WARN]: @Mixin target com.github.leawind.thirdperson.core.EntityAgent was not found betterlockon.compat.mixins.json:EntityAgentMixin
[02:19:48] [main/WARN]: Error loading class: com/github/leawind/thirdperson/ThirdPersonEvents (java.lang.ClassNotFoundException: com.github.leawind.thirdperson.ThirdPersonEvents)
[02:19:48] [main/WARN]: @Mixin target com.github.leawind.thirdperson.ThirdPersonEvents was not found betterlockon.compat.mixins.json:ThirdPersonEventsMixin
[02:19:48] [main/WARN]: Error loading class: mekanism/client/render/entity/RenderFlame (java.lang.ClassNotFoundException: mekanism.client.render.entity.RenderFlame)
[02:19:48] [main/WARN]: Error loading class: mekanism/client/render/armor/MekaSuitArmor (java.lang.ClassNotFoundException: mekanism.client.render.armor.MekaSuitArmor)
[02:19:49] [main/WARN]: Error loading class: org/tlauncher/TLSkinCape (java.lang.ClassNotFoundException: org.tlauncher.TLSkinCape)
[02:19:49] [main/WARN]: Error loading class: net/caffeinemc/mods/sodium/client/model/light/data/ArrayLightDataCache (java.lang.ClassNotFoundException: net.caffeinemc.mods.sodium.client.model.light.data.ArrayLightDataCache)
[02:19:49] [main/WARN]: Error loading class: net/caffeinemc/mods/sodium/client/model/light/data/ArrayLightDataCache (java.lang.ClassNotFoundException: net.caffeinemc.mods.sodium.client.model.light.data.ArrayLightDataCache)
[02:19:49] [main/WARN]: Error loading class: net/caffeinemc/mods/sodium/client/model/light/flat/FlatLightPipeline (java.lang.ClassNotFoundException: net.caffeinemc.mods.sodium.client.model.light.flat.FlatLightPipeline)
[02:19:49] [main/WARN]: Error loading class: net/caffeinemc/mods/sodium/client/model/light/flat/FlatLightPipeline (java.lang.ClassNotFoundException: net.caffeinemc.mods.sodium.client.model.light.flat.FlatLightPipeline)
[02:19:49] [main/WARN]: Error loading class: net/caffeinemc/mods/sodium/client/model/light/data/LightDataAccess (java.lang.ClassNotFoundException: net.caffeinemc.mods.sodium.client.model.light.data.LightDataAccess)
[02:19:49] [main/WARN]: Error loading class: net/caffeinemc/mods/sodium/client/model/light/data/LightDataAccess (java.lang.ClassNotFoundException: net.caffeinemc.mods.sodium.client.model.light.data.LightDataAccess)
[02:19:49] [main/WARN]: Force-disabling mixin 'features.render.world.sky.WorldRendererMixin' as rule 'mixin.features.render.world.sky' (added by mods [oculus]) disables it and children
[02:19:49] [main/WARN]: Force-disabling mixin 'features.render.world.sky.ClientWorldMixin' as rule 'mixin.features.render.world.sky' (added by mods [oculus]) disables it and children
[02:19:49] [main/WARN]: Force-disabling mixin 'features.render.world.sky.BackgroundRendererMixin' as rule 'mixin.features.render.world.sky' (added by mods [oculus]) disables it and children
[02:19:49] [main/WARN]: Force-disabling mixin 'features.render.gui.font.GlyphRendererMixin' as rule 'mixin.features.render.gui.font' (added by mods [oculus]) disables it and children
[02:19:49] [main/WARN]: Force-disabling mixin 'features.render.gui.font.FontSetMixin' as rule 'mixin.features.render.gui.font' (added by mods [oculus]) disables it and children
[02:19:49] [main/WARN]: Force-disabling mixin 'features.render.entity.shadows.EntityRenderDispatcherMixin' as rule 'mixin.features.render.entity' (added by mods [oculus]) disables it and children
[02:19:49] [main/WARN]: Force-disabling mixin 'features.render.entity.remove_streams.ModelPartMixin' as rule 'mixin.features.render.entity' (added by mods [oculus]) disables it and children
[02:19:49] [main/WARN]: Force-disabling mixin 'features.render.entity.remove_streams.HierarchicalModelMixin' as rule 'mixin.features.render.entity' (added by mods [oculus]) disables it and children
[02:19:49] [main/WARN]: Force-disabling mixin 'features.render.entity.fast_render.ModelPartMixin' as rule 'mixin.features.render.entity' (added by mods [oculus]) disables it and children
[02:19:49] [main/WARN]: Force-disabling mixin 'features.render.entity.fast_render.CuboidMixin' as rule 'mixin.features.render.entity' (added by mods [oculus]) disables it and children
[02:19:49] [main/WARN]: Force-disabling mixin 'features.render.entity.cull.EntityRendererMixin' as rule 'mixin.features.render.entity' (added by mods [oculus]) disables it and children
[02:19:49] [main/INFO]: Epic Fight lock-on support provided by Shoulder Surfing has been disabled due to breaking changes in '20.14.0'. For more details: https://github.com/Epic-Fight/epicfight/issues/2258
[02:19:49] [main/WARN]: Redundant @Unique on injector method jjkblueredpurple$boostBlackFlash(Lnet/minecraft/world/level/LevelAccessor;DDDLnet/minecraft/world/entity/Entity;Lorg/spongepowered/asm/mixin/injection/callback/CallbackInfo;)V in mixins.jjkblueredpurple.json:RangeAttackProcedureMixin. Injectors are implicitly unique
[02:19:49] [main/INFO]: Initializing MixinExtras via com.llamalad7.mixinextras.service.MixinExtrasServiceImpl(version=0.5.0).
[02:19:52] [pool-4-thread-1/WARN]: @Final field f_31427_:[I in mixins.epicfight.json:common.MixinWitherBoss should be final
[02:19:52] [pool-4-thread-1/WARN]: @Final field f_31428_:[I in mixins.epicfight.json:common.MixinWitherBoss should be final
[02:19:53] [Datafixer Bootstrap/INFO]: 188 Datafixer optimizations took 97 milliseconds
[02:19:53] [pool-4-thread-1/WARN]: defineId called for: class net.minecraft.world.entity.LivingEntity from class yesman.epicfight.world.capabilities.entitypatch.LivingEntityPatch
[02:19:53] [pool-4-thread-1/WARN]: defineId called for: class net.minecraft.world.entity.LivingEntity from class yesman.epicfight.world.capabilities.entitypatch.LivingEntityPatch
[02:19:53] [pool-4-thread-1/WARN]: defineId called for: class net.minecraft.world.entity.LivingEntity from class yesman.epicfight.world.capabilities.entitypatch.LivingEntityPatch
[02:19:53] [pool-4-thread-1/WARN]: defineId called for: class net.minecraft.world.entity.LivingEntity from class yesman.epicfight.world.capabilities.entitypatch.LivingEntityPatch
[02:19:54] [Render thread/WARN]: Assets URL 'union:/C:/Users/User/curseforge/minecraft/Install/libraries/net/minecraft/client/1.20.1-20230612.114412/client-1.20.1-20230612.114412-srg.jar%23264!/assets/.mcassetsroot' uses unexpected schema
[02:19:54] [Render thread/WARN]: Assets URL 'union:/C:/Users/User/curseforge/minecraft/Install/libraries/net/minecraft/client/1.20.1-20230612.114412/client-1.20.1-20230612.114412-srg.jar%23264!/data/.mcassetsroot' uses unexpected schema
[02:19:54] [Render thread/INFO]: Environment: authHost='https://authserver.mojang.com', accountsHost='https://api.mojang.com', sessionHost='https://sessionserver.mojang.com', servicesHost='https://api.minecraftservices.com', name='PROD'
[02:19:55] [Render thread/INFO]: Setting user: Luigireal
[02:19:55] [Render thread/INFO]: Queuing DH event binding...
[02:19:55] [Render thread/INFO]: Backend library: LWJGL version 3.3.1 build 7
[02:19:55] [Render thread/WARN]: Applying workaround: Prevent the NVIDIA OpenGL driver from using broken optimizations (NVIDIA_THREADED_OPTIMIZATIONS)
[02:19:55] [Render thread/ERROR]: Mod mixin into Embeddium internals detected. This instance is now tainted. The Embeddium team does not provide any guarantee of support for issues encountered while such mods are installed.
[02:19:55] [Render thread/WARN]: Mod(s) [oculus] are modifying Embeddium class me.jellysquid.mods.sodium.client.gui.SodiumGameOptions, which may cause instability.
[02:19:55] [Render thread/INFO]: OpenGL Vendor: NVIDIA Corporation
[02:19:55] [Render thread/INFO]: OpenGL Renderer: NVIDIA GeForce GTX 1650/PCIe/SSE2
[02:19:55] [Render thread/INFO]: OpenGL Version: 4.6.0 NVIDIA 560.94
[02:19:55] [Render thread/WARN]: Enabling secondary workaround for NVIDIA threaded optimizations
[02:19:55] [Render thread/INFO]: Debug functionality is disabled.
[02:19:55] [Render thread/INFO]: OpenGL 4.5 detected, enabling DSA.
[02:19:56] [modloading-worker-0/INFO]: JJK NPC Buff mod loading...
[02:19:56] [modloading-worker-0/INFO]: Hello from Iris Shader Folder Mod v1.3.2
[02:19:56] [modloading-worker-0/INFO]: Registered BlockEventHandler
[02:19:56] [modloading-worker-0/INFO]: Forge mod loading, version 47.4.20, for MC 1.20.1 with MCP 20230612.114412
[02:19:56] [modloading-worker-0/INFO]: MinecraftForge v47.4.20 Initialized
[02:19:56] [modloading-worker-0/WARN]: Mod(s) [sodiumoptionsapi, oculus] are modifying Embeddium class me.jellysquid.mods.sodium.client.gui.SodiumOptionsGUI, which may cause instability.
[02:19:56] [modloading-worker-0/INFO]: Slyrien's Modern Jujutsu has been loaded and effects are ready!
[02:19:56] [modloading-worker-0/INFO]: Entity Loot Drops mod initializing...
[02:19:56] [modloading-worker-0/INFO]: Loaded block configuration: 6 block types, 6 global drops, 0 active events
[02:19:56] [modloading-worker-0/INFO]: Created all README files
[02:19:56] [modloading-worker-0/INFO]: Created README files
[02:19:56] [modloading-worker-0/INFO]: Initial config load complete
[02:19:56] [modloading-worker-0/INFO]: [DungeonMaster] Mod inicializado correctamente.
[02:19:56] [modloading-worker-0/INFO]: Registered config screen
[02:19:56] [modloading-worker-0/INFO]: Loading mod pointblank
[02:19:56] [modloading-worker-0/INFO]: JujutsuAlm Entities registered!
[02:19:56] [modloading-worker-0/INFO]: Registering S2C receiver with id architectury:sync_ids
[02:19:56] [modloading-worker-0/INFO]: Registering C2S receiver with id architectury:sync_ids
[02:19:56] [modloading-worker-0/INFO]: Registering S2C receiver with id ftblibrary:edit_nbt
[02:19:56] [modloading-worker-0/INFO]: Registering C2S receiver with id ftblibrary:edit_nbt_response
[02:19:56] [modloading-worker-0/INFO]: Registering S2C receiver with id ftblibrary:sync_known_server_registries
[02:19:56] [modloading-worker-0/INFO]: Registering S2C receiver with id ftblibrary:edit_config
[02:19:56] [modloading-worker-0/INFO]: Registering S2C receiver with id ftbteams:sync_teams
[02:19:56] [modloading-worker-0/INFO]: Registering S2C receiver with id ftbteams:sync_message_history
[02:19:56] [modloading-worker-0/INFO]: Registering C2S receiver with id ftbteams:open_gui
[02:19:56] [modloading-worker-0/INFO]: Registering S2C receiver with id ftbteams:open_my_team_gui
[02:19:56] [modloading-worker-0/ERROR]: MTSERROR: Welcome to MTS VERSION: 24.0.0
[02:19:56] [modloading-worker-0/INFO]: Registering C2S receiver with id ftbteams:update_settings
[02:19:56] [modloading-worker-0/INFO]: Registering S2C receiver with id ftbteams:update_settings_response
[02:19:56] [modloading-worker-0/INFO]: Loaded mod compat: GeckolibCompat
[02:19:56] [modloading-worker-0/INFO]: Registering C2S receiver with id ftbteams:send_message
[02:19:56] [modloading-worker-0/INFO]: Loaded mod compat: IRISCompat
[02:19:56] [modloading-worker-0/INFO]: Registering S2C receiver with id ftbteams:send_message_response
[02:19:56] [modloading-worker-0/INFO]: Registering S2C receiver with id ftbteams:update_presence
[02:19:57] [modloading-worker-0/INFO]: Registering C2S receiver with id ftbteams:create_party
[02:19:57] [modloading-worker-0/INFO]: Loaded mod compat: CuriosCompat
[02:19:57] [modloading-worker-0/INFO]: Registering C2S receiver with id ftbteams:player_gui_operation
[02:19:57] [modloading-worker-0/INFO]: Loaded mod compat: PlayerAnimatorCompat
[02:19:57] [modloading-worker-0/INFO]: Sending ConfigManager...
[02:19:57] [modloading-worker-0/INFO]: Sending ConfigManager took 7.836 ms
[02:19:57] [modloading-worker-0/INFO]: Luigidashes cargado correctamente.
[02:19:57] [modloading-worker-0/INFO]: Registering S2C receiver with id ftbquests:sync_quests
[02:19:57] [modloading-worker-0/INFO]: Registering S2C receiver with id ftbquests:sync_team_data
[02:19:57] [modloading-worker-0/INFO]: Registering S2C receiver with id ftbquests:update_task_progress
[02:19:57] [modloading-worker-0/INFO]: Registering C2S receiver with id ftbquests:submit_task
[02:19:57] [modloading-worker-0/INFO]: Registering C2S receiver with id ftbquests:claim_reward
[02:19:57] [modloading-worker-0/INFO]: Registering S2C receiver with id ftbquests:claim_reward_response
[02:19:57] [modloading-worker-0/INFO]: Registering S2C receiver with id ftbquests:sync_editing_mode
[02:19:57] [modloading-worker-0/INFO]: Registering C2S receiver with id ftbquests:get_emergency_items
[02:19:57] [modloading-worker-0/INFO]: Registering S2C receiver with id ftbquests:create_other_team_data
[02:19:57] [modloading-worker-0/INFO]: Registering C2S receiver with id ftbquests:claim_all_rewards
[02:19:57] [modloading-worker-0/INFO]: Registering C2S receiver with id ftbquests:claim_choice_reward
[02:19:57] [modloading-worker-0/INFO]: Registering S2C receiver with id ftbquests:display_completion_toast
[02:19:57] [modloading-worker-0/INFO]: Registering S2C receiver with id ftbquests:display_reward_toast
[02:19:57] [modloading-worker-0/INFO]: Registering S2C receiver with id ftbquests:display_item_reward_toast
[02:19:57] [modloading-worker-0/INFO]: Registering S2C receiver with id ftbquests:custom_reward_toast
[02:19:57] [modloading-worker-0/INFO]: Registering C2S receiver with id ftbquests:toggle_pinned
[02:19:57] [modloading-worker-0/INFO]: Registering S2C receiver with id ftbquests:toggle_pinned_response
[02:19:57] [modloading-worker-0/INFO]: Registering C2S receiver with id ftbquests:toggle_chapter_pinned
[02:19:57] [modloading-worker-0/INFO]: Registering S2C receiver with id ftbquests:toggle_chapter_pinned_response
[02:19:57] [modloading-worker-0/INFO]: Registering C2S receiver with id ftbquests:toggle_editing_mode
[02:19:57] [modloading-worker-0/INFO]: Registering C2S receiver with id ftbquests:force_save
[02:19:57] [modloading-worker-0/INFO]: Registering S2C receiver with id ftbquests:update_team_data
[02:19:57] [modloading-worker-0/INFO]: Registering C2S receiver with id ftbquests:set_custom_image
[02:19:57] [modloading-worker-0/INFO]: Registering S2C receiver with id ftbquests:object_started
[02:19:57] [modloading-worker-0/INFO]: Registering S2C receiver with id ftbquests:object_completed
[02:19:57] [modloading-worker-0/INFO]: Registering S2C receiver with id ftbquests:object_started_reset
[02:19:57] [modloading-worker-0/INFO]: Registering S2C receiver with id ftbquests:object_completed_reset
[02:19:57] [modloading-worker-0/INFO]: Registering S2C receiver with id ftbquests:sync_lock
[02:19:57] [modloading-worker-0/INFO]: Registering S2C receiver with id ftbquests:reset_reward
[02:19:57] [modloading-worker-0/INFO]: Registering S2C receiver with id ftbquests:team_data_changed
[02:19:57] [modloading-worker-0/INFO]: Registering S2C receiver with id ftbquests:task_screen_config_req
[02:19:57] [modloading-worker-0/INFO]: Registering C2S receiver with id ftbquests:task_screen_config_resp
[02:19:57] [modloading-worker-0/INFO]: Registering C2S receiver with id ftbquests:give_item_to_player
[02:19:57] [modloading-worker-0/INFO]: Registering C2S receiver with id ftbquests:reorder_item
[02:19:57] [modloading-worker-0/INFO]: Registering C2S receiver with id ftbquests:change_progress
[02:19:57] [modloading-worker-0/INFO]: Registering C2S receiver with id ftbquests:create_object
[02:19:57] [modloading-worker-0/INFO]: Registering S2C receiver with id ftbquests:create_object_response
[02:19:57] [modloading-worker-0/INFO]: Registering C2S receiver with id ftbquests:create_task_at
[02:19:57] [modloading-worker-0/INFO]: Registering C2S receiver with id ftbquests:delete_object
[02:19:57] [modloading-worker-0/INFO]: Registering S2C receiver with id ftbquests:delete_object_response
[02:19:57] [modloading-worker-0/INFO]: Registering C2S receiver with id ftbquests:edit_object
[02:19:57] [modloading-worker-0/INFO]: Registering S2C receiver with id ftbquests:edit_object_response
[02:19:57] [modloading-worker-0/INFO]: Registering C2S receiver with id ftbquests:move_chapter
[02:19:57] [modloading-worker-0/INFO]: Registering S2C receiver with id ftbquests:move_chapter_response
[02:19:57] [modloading-worker-0/INFO]: Registering C2S receiver with id ftbquests:move_quest
[02:19:57] [modloading-worker-0/INFO]: Registering S2C receiver with id ftbquests:move_quest_response
[02:19:57] [modloading-worker-0/INFO]: Registering C2S receiver with id ftbquests:change_chapter_group
[02:19:57] [modloading-worker-0/INFO]: Registering S2C receiver with id ftbquests:change_chapter_group_response
[02:19:57] [modloading-worker-0/INFO]: Registering C2S receiver with id ftbquests:move_chapter_group
[02:19:57] [modloading-worker-0/INFO]: Registering S2C receiver with id ftbquests:move_chapter_group_response
[02:19:57] [modloading-worker-0/INFO]: Registering S2C receiver with id ftbquests:sync_reward_blocking
[02:19:57] [modloading-worker-0/INFO]: Registering C2S receiver with id ftbquests:copy_quest
[02:19:57] [modloading-worker-0/INFO]: Registering C2S receiver with id ftbquests:copy_chapter_image
[02:19:57] [modloading-worker-0/INFO]: Registering C2S receiver with id ftbquests:sync_structures_request
[02:19:57] [modloading-worker-0/INFO]: Registering S2C receiver with id ftbquests:sync_structures_response
[02:19:57] [modloading-worker-0/INFO]: Registering C2S receiver with id ftbquests:request_team_data
[02:19:57] [modloading-worker-0/INFO]: Registering S2C receiver with id ftbquests:sync_editor_permission
[02:19:57] [modloading-worker-0/INFO]: Registering S2C receiver with id ftbquests:open_quest_book
[02:19:57] [modloading-worker-0/INFO]: Registering S2C receiver with id ftbquests:clear_display_cache
[02:19:57] [modloading-worker-0/INFO]: Registering S2C receiver with id ftbquests:reorder_item_response
[02:19:57] [modloading-worker-0/INFO]: Registering S2C receiver with id ftbquests:clear_repeat_cooldown
[02:19:57] [modloading-worker-0/ERROR]: MTSERROR: Could not do model-based legacy compats on mtsofficialpack:engineamci4.  Lights and treads will likely not be present on this model.
[02:19:57] [modloading-worker-0/ERROR]: MTSERROR: For input string: "roller2"
[02:19:58] [modloading-worker-0/ERROR]: MTSERROR: Was told to parse part oamp:exterior_luggage with part type luggage_rack, but that's not a valid type for creating a part.
[02:19:58] [modloading-worker-0/ERROR]: MTSERROR: Could not do model-based legacy compats on oamp:enginevwbus.  Lights and treads will likely not be present on this model.
[02:19:58] [modloading-worker-0/ERROR]: MTSERROR: For input string: "roller2"
[02:19:58] [modloading-worker-0/ERROR]: MTSERROR: Could not do model-based legacy compats on oamp:engineecoline.  Lights and treads will likely not be present on this model.
[02:19:58] [modloading-worker-0/ERROR]: MTSERROR: For input string: "roller2"
[02:19:58] [modloading-worker-0/ERROR]: MTSERROR: Could not do model-based legacy compats on oamp:engineikarus.  Lights and treads will likely not be present on this model.
[02:19:58] [modloading-worker-0/ERROR]: MTSERROR: Attempted to parse the OBJ model at: /assets/oamp/objmodels/parts/engineikarus.obj but could not find it.  Check the path and try again.
[02:19:58] [modloading-worker-0/ERROR]: MTSERROR: Object body_selection found with no faces defined at line: 9505 in: /assets/oamp/objmodels/vehicles/escargot.obj
[02:19:59] [modloading-worker-0/INFO]: Yuushya has been loaded successfully!
[02:20:00] [Render thread/INFO]: Initialized block sets in 16ms
[02:20:00] [Render thread/WARN]: defineId called for: class net.minecraft.world.entity.player.Player from class yesman.epicfight.world.capabilities.entitypatch.player.PlayerPatch
[02:20:00] [Render thread/INFO]: JujutsuAlm Entity Attributes registered!
[02:20:00] [Render thread/WARN]: defineId called for: class net.minecraft.world.entity.boss.wither.WitherBoss from class yesman.epicfight.world.capabilities.entitypatch.boss.WitherPatch
[02:20:00] [Render thread/WARN]: defineId called for: class net.minecraft.world.entity.boss.wither.WitherBoss from class yesman.epicfight.world.capabilities.entitypatch.boss.WitherPatch
[02:20:00] [Render thread/WARN]: defineId called for: class net.minecraft.world.entity.boss.wither.WitherBoss from class yesman.epicfight.world.capabilities.entitypatch.boss.WitherPatch
[02:20:00] [Render thread/WARN]: defineId called for: class net.minecraft.world.entity.boss.wither.WitherBoss from class yesman.epicfight.world.capabilities.entitypatch.boss.WitherPatch
[02:20:00] [Render thread/WARN]: defineId called for: class net.minecraft.world.entity.boss.wither.WitherBoss from class yesman.epicfight.world.capabilities.entitypatch.boss.WitherPatch
[02:20:00] [Render thread/WARN]: defineId called for: class net.minecraft.world.entity.boss.wither.WitherBoss from class yesman.epicfight.world.capabilities.entitypatch.boss.WitherPatch
[02:20:00] [Render thread/WARN]: defineId called for: class net.minecraft.world.entity.boss.wither.WitherBoss from class yesman.epicfight.world.capabilities.entitypatch.boss.WitherPatch
[02:20:00] [Render thread/WARN]: defineId called for: class net.minecraft.world.entity.boss.wither.WitherBoss from class yesman.epicfight.world.capabilities.entitypatch.boss.WitherPatch
[02:20:00] [Render thread/WARN]: defineId called for: class net.minecraft.world.entity.boss.wither.WitherBoss from class yesman.epicfight.world.capabilities.entitypatch.boss.WitherPatch
[02:20:01] [Render thread/INFO]: Hardware information:
[02:20:01] [Render thread/INFO]: CPU: 16x Intel(R) Core(TM) i7-10700 CPU @ 2.90GHz
[02:20:01] [Render thread/INFO]: GPU: NVIDIA GeForce GTX 1650/PCIe/SSE2 (Supports OpenGL 4.6.0 NVIDIA 560.94)
[02:20:01] [Render thread/INFO]: OS: Windows 10 (10.0)
[02:20:01] [Render thread/WARN]: Mod(s) [oculus] are modifying Embeddium class me.jellysquid.mods.sodium.client.render.vertex.VertexFormatDescriptionImpl, which may cause instability.
[02:20:01] [Render thread/WARN]: Mod(s) [oculus] are modifying Embeddium class me.jellysquid.mods.sodium.client.render.vertex.buffer.SodiumBufferBuilder, which may cause instability.
[02:20:01] [Render thread/WARN]: Mod(s) [oculus] are modifying Embeddium class me.jellysquid.mods.sodium.client.render.SodiumWorldRenderer, which may cause instability.
[02:20:02] [Render thread/INFO]: Reloading ResourceManager: pointblank_resources, vanilla, mod_resources, Moonlight Mods Dynamic Assets, jujutsualm_ct_icons, mod:jujutsucraft, cnpcs
[02:20:02] [Worker-Main-1/INFO]: Starting runtime resource generation for pack type CLIENT_RESOURCES with generators from mods [moonlight]: [net.mehvahdjukaar.moonlight.core.MoonlightClient$MLDynamicClientResources@251bd88a]
[02:20:02] [Worker-Main-1/INFO]: Generating runtime assets for pack Moonlight Mods Dynamic Assets (moonlight)
[02:20:02] [Worker-Main-1/INFO]: Generated runtime CLIENT_RESOURCES for pack Moonlight Mods Dynamic Assets (moonlight) in: 6 ms (multithreaded)
[02:20:02] [Worker-Main-1/INFO]: Finished runtime resources generation for 1 packs in a total of 8 ms
[02:20:02] [modloading-worker-0/INFO]: Updating config cache
[02:20:02] [modloading-worker-0/INFO]: Cache updated successfully
[02:20:02] [Thread-5/INFO]: Updating config cache
[02:20:02] [Thread-5/INFO]: Cache updated successfully
[02:20:02] [modloading-worker-0/INFO]: Epic Fight web server connection helper: Initialize
[02:20:02] [Worker-Main-4/WARN]: Unsupported geometry json version for model jujutsucrafts:geo/bamboo_stick.geo.json. Supported versions: 1.12.0
[02:20:02] [Worker-Main-4/WARN]: Unsupported geometry json version: 1.21.0 for model jujutsucrafts:geo/beam.geo.json. Supported versions: 1.12.0. Remove any rotated face UVs and re-export the model to fix
[02:20:02] [Worker-Main-3/ERROR]: Invalid path in pack: mtsofficialpack:sounds/230ce/idle rear.ogg, ignoring
[02:20:02] [Worker-Main-3/ERROR]: Invalid path in pack: mtsofficialpack:sounds/230ce/idle front.ogg, ignoring
[02:20:02] [Worker-Main-4/WARN]: Unsupported geometry json version for model jujutsucrafts:geo/chain.geo.json. Supported versions: 1.12.0
[02:20:02] [Worker-Main-6/ERROR]: Unable to parse animation: sprint
[02:20:02] [Worker-Main-3/ERROR]: Invalid path in pack: oamp:sounds/ikarus/cjz932_verylow old.ogg, ignoring
[02:20:02] [Worker-Main-14/WARN]: Unsupported geometry json version for model jujutsucrafts:geo/claw.geo.json. Supported versions: 1.12.0
[02:20:02] [modloading-worker-0/INFO]: Epic Fight web server connection helper: supported
[02:20:02] [Worker-Main-14/WARN]: Unsupported geometry json version for model jujutsucrafts:geo/clothes_dabura.geo.json. Supported versions: 1.12.0
[02:20:02] [modloading-worker-0/INFO]: Epic Fight web server status: Failed at initializing Authentication provider: java.lang.ClassNotFoundException: yesman.epicfight.epicskins.user.AuthenticationHelperImpl
[02:20:02] [Worker-Main-14/WARN]: Unsupported geometry json version: 1.21.0 for model jujutsucrafts:geo/clothes_kurosu.geo.json. Supported versions: 1.12.0. Remove any rotated face UVs and re-export the model to fix
[02:20:02] [Worker-Main-14/WARN]: Unsupported geometry json version: 1.21.0 for model jujutsucrafts:geo/clothes_maruru_2.geo.json. Supported versions: 1.12.0. Remove any rotated face UVs and re-export the model to fix
[02:20:02] [Worker-Main-9/ERROR]: Unable to parse animation: sprint2
[02:20:02] [Worker-Main-14/WARN]: Unsupported geometry json version: 1.21.0 for model jujutsucraftv:geo/clothes_tengen_heian.geo.json. Supported versions: 1.12.0. Remove any rotated face UVs and re-export the model to fix
[02:20:02] [Worker-Main-14/WARN]: Unsupported geometry json version for model jujutsucrafts:geo/clothes_tsurugi.geo.json. Supported versions: 1.12.0
[02:20:02] [Worker-Main-4/WARN]: Unsupported geometry json version: 1.21.0 for model jujutsucraftv:geo/clothes_dabura.geo.json. Supported versions: 1.12.0. Remove any rotated face UVs and re-export the model to fix
[02:20:02] [Worker-Main-7/INFO]: Found unifont_all_no_pua-15.0.06.hex, loading
[02:20:02] [Worker-Main-11/ERROR]: Unable to parse animation: idle
[02:20:02] [Worker-Main-14/WARN]: Unsupported geometry json version: 1.21.0 for model jujutsucraftv:geo/dabura_domain.geo.json. Supported versions: 1.12.0. Remove any rotated face UVs and re-export the model to fix
[02:20:02] [Worker-Main-4/WARN]: Unsupported geometry json version for model jujutsucraftv:geo/death_paintings.geo.json. Supported versions: 1.12.0
[02:20:02] [Worker-Main-4/WARN]: Unsupported geometry json version for model jujutsucrafts:geo/glock.geo.json. Supported versions: 1.12.0
[02:20:02] [Worker-Main-13/WARN]: Unsupported geometry json version: 1.21.0 for model jujutsucrafts:geo/domain.geo.json. Supported versions: 1.12.0. Remove any rotated face UVs and re-export the model to fix
[02:20:02] [Worker-Main-16/WARN]: Unsupported geometry json version for model jujutsucrafts:geo/glass_sword.geo.json. Supported versions: 1.12.0
[02:20:02] [Worker-Main-14/WARN]: Unsupported geometry json version for model jujutsucraftv:geo/head_scorpion.geo.json. Supported versions: 1.12.0
[02:20:03] [Worker-Main-3/WARN]: File jujutsucraft:sounds/guard.ogg does not exist, cannot add it to event jujutsucraft:guard
[02:20:03] [Worker-Main-8/INFO]: Found hangul.hex, loading
[02:20:03] [Worker-Main-16/WARN]: Unsupported geometry json version for model jujutsucrafts:geo/kitchen_knife.geo.json. Supported versions: 1.12.0
[02:20:03] [Worker-Main-16/WARN]: Unsupported geometry json version for model jujutsucrafts:geo/kunai.geo.json. Supported versions: 1.12.0
[02:20:03] [Worker-Main-14/WARN]: Unsupported geometry json version: 1.21.0 for model jujutsucrafts:geo/mechamarulayer.geo.json. Supported versions: 1.12.0. Remove any rotated face UVs and re-export the model to fix
[02:20:03] [Worker-Main-14/WARN]: Unsupported geometry json version: 1.21.0 for model jujutsucrafts:geo/merger0.geo.json. Supported versions: 1.12.0. Remove any rotated face UVs and re-export the model to fix
[02:20:03] [Worker-Main-14/WARN]: Unsupported geometry json version for model jujutsucrafts:geo/mergerhead.geo.json. Supported versions: 1.12.0
[02:20:03] [Worker-Main-14/WARN]: Unsupported geometry json version: 1.21.0 for model jujutsucrafts:geo/naunax.geo.json. Supported versions: 1.12.0. Remove any rotated face UVs and re-export the model to fix
[02:20:03] [Worker-Main-14/WARN]: Unsupported geometry json version for model jujutsucraftv:geo/nihiladmirari.geo.json. Supported versions: 1.12.0
[02:20:03] [Worker-Main-16/WARN]: Unsupported geometry json version for model jujutsucraftv:geo/night_of_fire_art.geo.json. Supported versions: 1.12.0
[02:20:03] [Worker-Main-4/WARN]: Unsupported geometry json version for model jujutsucrafts:geo/okkotsu_ring.geo.json. Supported versions: 1.12.0
[02:20:03] [Worker-Main-14/WARN]: Unsupported geometry json version for model jujutsucrafts:geo/playful_cloud_2.geo.json. Supported versions: 1.12.0
[02:20:03] [Worker-Main-16/WARN]: Unsupported geometry json version: 1.21.0 for model jujutsucraftv:geo/plojectile_barrier3.geo.json. Supported versions: 1.12.0. Remove any rotated face UVs and re-export the model to fix
[02:20:03] [Worker-Main-14/WARN]: Unsupported geometry json version: 1.21.0 for model jujutsucrafts:geo/rika3.geo.json. Supported versions: 1.12.0. Remove any rotated face UVs and re-export the model to fix
[02:20:03] [Worker-Main-10/INFO]: Entity Loot Drops setup complete
[02:20:03] [Worker-Main-10/INFO]: gpumemleakfix mod initialized
[02:20:03] [Worker-Main-16/WARN]: Unsupported geometry json version: 1.21.0 for model jujutsucrafts:geo/shine.geo.json. Supported versions: 1.12.0. Remove any rotated face UVs and re-export the model to fix
[02:20:03] [Worker-Main-6/ERROR]: Failed to load model jujutsucrafts:models/custom/blood_edge.json
com.google.gson.JsonParseException: Invalid rotation -13.5 found, only -45/-22.5/0/22.5/45 allowed
	at net.minecraft.client.renderer.block.model.BlockElement$Deserializer.m_111342_(BlockElement.java:112) ~[client-1.20.1-20230612.114412-srg.jar%23264!/:?]
	at net.minecraft.client.renderer.block.model.BlockElement$Deserializer.m_111332_(BlockElement.java:101) ~[client-1.20.1-20230612.114412-srg.jar%23264!/:?]
	at net.minecraft.client.renderer.block.model.BlockElement$Deserializer.deserialize(BlockElement.java:82) ~[client-1.20.1-20230612.114412-srg.jar%23264!/:?]
	at net.minecraft.client.renderer.block.model.BlockElement$Deserializer.deserialize(BlockElement.java:74) ~[client-1.20.1-20230612.114412-srg.jar%23264!/:?]
	at com.google.gson.internal.bind.TreeTypeAdapter.read(TreeTypeAdapter.java:76) ~[gson-2.10.jar%23107!/:?]
	at com.google.gson.Gson.fromJson(Gson.java:1214) ~[gson-2.10.jar%23107!/:?]
	at com.google.gson.Gson.fromJson(Gson.java:1319) ~[gson-2.10.jar%23107!/:?]
	at com.google.gson.Gson.fromJson(Gson.java:1290) ~[gson-2.10.jar%23107!/:?]
	at com.google.gson.internal.bind.TreeTypeAdapter$GsonContextImpl.deserialize(TreeTypeAdapter.java:179) ~[gson-2.10.jar%23107!/:?]
	at net.minecraft.client.renderer.block.model.BlockModel$Deserializer.m_111506_(BlockModel.java:376) ~[client-1.20.1-20230612.114412-srg.jar%23264!/:?]
	at net.minecraft.client.renderer.block.model.BlockModel$Deserializer.deserialize(BlockModel.java:305) ~[client-1.20.1-20230612.114412-srg.jar%23264!/:?]
	at net.minecraftforge.client.model.ExtendedBlockModelDeserializer.deserialize(ExtendedBlockModelDeserializer.java:53) ~[forge-1.20.1-47.4.20-universal.jar%23269!/:?]
	at net.minecraftforge.client.model.ExtendedBlockModelDeserializer.deserialize(ExtendedBlockModelDeserializer.java:38) ~[forge-1.20.1-47.4.20-universal.jar%23269!/:?]
	at com.google.gson.internal.bind.TreeTypeAdapter.read(TreeTypeAdapter.java:76) ~[gson-2.10.jar%23107!/:?]
	at net.minecraft.util.GsonHelper.m_13780_(GsonHelper.java:524) ~[client-1.20.1-20230612.114412-srg.jar%23264!/:?]
	at net.minecraft.util.GsonHelper.m_263475_(GsonHelper.java:531) ~[client-1.20.1-20230612.114412-srg.jar%23264!/:?]
	at net.minecraft.util.GsonHelper.m_13776_(GsonHelper.java:581) ~[client-1.20.1-20230612.114412-srg.jar%23264!/:?]
	at net.minecraft.client.renderer.block.model.BlockModel.m_111461_(BlockModel.java:74) ~[client-1.20.1-20230612.114412-srg.jar%23264!/:?]
	at net.minecraft.client.resources.model.ModelManager.m_246478_(ModelManager.java:110) ~[client-1.20.1-20230612.114412-srg.jar%23264!/:?]
	at java.util.concurrent.CompletableFuture$AsyncSupply.run(Unknown Source) ~[?:?]
	at java.util.concurrent.CompletableFuture$AsyncSupply.exec(Unknown Source) ~[?:?]
	at java.util.concurrent.ForkJoinTask.doExec(Unknown Source) ~[?:?]
	at java.util.concurrent.ForkJoinPool$WorkQueue.topLevelExec(Unknown Source) ~[?:?]
	at java.util.concurrent.ForkJoinPool.scan(Unknown Source) ~[?:?]
	at java.util.concurrent.ForkJoinPool.runWorker(Unknown Source) ~[?:?]
	at java.util.concurrent.ForkJoinWorkerThread.run(Unknown Source) ~[?:?]
[02:20:03] [Forge Version Check/INFO]: [forge] Starting version check at https://files.minecraftforge.net/net/minecraftforge/forge/promotions_slim.json
[02:20:03] [Worker-Main-14/WARN]: Unsupported geometry json version for model jujutsucrafts:geo/toy_hammer.geo.json. Supported versions: 1.12.0
[02:20:03] [Worker-Main-11/ERROR]: Failed to load model jujutsucrafts:models/custom/kitchen_knife.json
com.google.gson.JsonParseException: Invalid rotation 17.5 found, only -45/-22.5/0/22.5/45 allowed
	at net.minecraft.client.renderer.block.model.BlockElement$Deserializer.m_111342_(BlockElement.java:112) ~[client-1.20.1-20230612.114412-srg.jar%23264!/:?]
	at net.minecraft.client.renderer.block.model.BlockElement$Deserializer.m_111332_(BlockElement.java:101) ~[client-1.20.1-20230612.114412-srg.jar%23264!/:?]
	at net.minecraft.client.renderer.block.model.BlockElement$Deserializer.deserialize(BlockElement.java:82) ~[client-1.20.1-20230612.114412-srg.jar%23264!/:?]
	at net.minecraft.client.renderer.block.model.BlockElement$Deserializer.deserialize(BlockElement.java:74) ~[client-1.20.1-20230612.114412-srg.jar%23264!/:?]
	at com.google.gson.internal.bind.TreeTypeAdapter.read(TreeTypeAdapter.java:76) ~[gson-2.10.jar%23107!/:?]
	at com.google.gson.Gson.fromJson(Gson.java:1214) ~[gson-2.10.jar%23107!/:?]
	at com.google.gson.Gson.fromJson(Gson.java:1319) ~[gson-2.10.jar%23107!/:?]
	at com.google.gson.Gson.fromJson(Gson.java:1290) ~[gson-2.10.jar%23107!/:?]
	at com.google.gson.internal.bind.TreeTypeAdapter$GsonContextImpl.deserialize(TreeTypeAdapter.java:179) ~[gson-2.10.jar%23107!/:?]
	at net.minecraft.client.renderer.block.model.BlockModel$Deserializer.m_111506_(BlockModel.java:376) ~[client-1.20.1-20230612.114412-srg.jar%23264!/:?]
	at net.minecraft.client.renderer.block.model.BlockModel$Deserializer.deserialize(BlockModel.java:305) ~[client-1.20.1-20230612.114412-srg.jar%23264!/:?]
	at net.minecraftforge.client.model.ExtendedBlockModelDeserializer.deserialize(ExtendedBlockModelDeserializer.java:53) ~[forge-1.20.1-47.4.20-universal.jar%23269!/:?]
	at net.minecraftforge.client.model.ExtendedBlockModelDeserializer.deserialize(ExtendedBlockModelDeserializer.java:38) ~[forge-1.20.1-47.4.20-universal.jar%23269!/:?]
	at com.google.gson.internal.bind.TreeTypeAdapter.read(TreeTypeAdapter.java:76) ~[gson-2.10.jar%23107!/:?]
	at net.minecraft.util.GsonHelper.m_13780_(GsonHelper.java:524) ~[client-1.20.1-20230612.114412-srg.jar%23264!/:?]
	at net.minecraft.util.GsonHelper.m_263475_(GsonHelper.java:531) ~[client-1.20.1-20230612.114412-srg.jar%23264!/:?]
	at net.minecraft.util.GsonHelper.m_13776_(GsonHelper.java:581) ~[client-1.20.1-20230612.114412-srg.jar%23264!/:?]
	at net.minecraft.client.renderer.block.model.BlockModel.m_111461_(BlockModel.java:74) ~[client-1.20.1-20230612.114412-srg.jar%23264!/:?]
	at net.minecraft.client.resources.model.ModelManager.m_246478_(ModelManager.java:110) ~[client-1.20.1-20230612.114412-srg.jar%23264!/:?]
	at java.util.concurrent.CompletableFuture$AsyncSupply.run(Unknown Source) ~[?:?]
	at java.util.concurrent.CompletableFuture$AsyncSupply.exec(Unknown Source) ~[?:?]
	at java.util.concurrent.ForkJoinTask.doExec(Unknown Source) ~[?:?]
	at java.util.concurrent.ForkJoinPool$WorkQueue.topLevelExec(Unknown Source) ~[?:?]
	at java.util.concurrent.ForkJoinPool.scan(Unknown Source) ~[?:?]
	at java.util.concurrent.ForkJoinPool.runWorker(Unknown Source) ~[?:?]
	at java.util.concurrent.ForkJoinWorkerThread.run(Unknown Source) ~[?:?]
[02:20:03] [Worker-Main-8/INFO]: [SummonCore] Carpeta de música: C:\Users\User\curseforge\minecraft\Instances\jujutsu server nuestro\config\summoncore\sounds
[02:20:03] [Worker-Main-14/WARN]: Unsupported geometry json version for model jujutsucrafts:geo/zanka.geo.json. Supported versions: 1.12.0
[02:20:03] [Worker-Main-9/ERROR]: Failed to load model jujutsucraftv:models/custom/mimiko_doll.json
com.google.gson.JsonSyntaxException: Missing axis, expected to find a string
	at net.minecraft.util.GsonHelper.m_13906_(GsonHelper.java:127) ~[client-1.20.1-20230612.114412-srg.jar%23264!/:?]
	at net.minecraft.client.renderer.block.model.BlockElement$Deserializer.m_111344_(BlockElement.java:119) ~[client-1.20.1-20230612.114412-srg.jar%23264!/:?]
	at net.minecraft.client.renderer.block.model.BlockElement$Deserializer.m_111332_(BlockElement.java:100) ~[client-1.20.1-20230612.114412-srg.jar%23264!/:?]
	at net.minecraft.client.renderer.block.model.BlockElement$Deserializer.deserialize(BlockElement.java:82) ~[client-1.20.1-20230612.114412-srg.jar%23264!/:?]
	at net.minecraft.client.renderer.block.model.BlockElement$Deserializer.deserialize(BlockElement.java:74) ~[client-1.20.1-20230612.114412-srg.jar%23264!/:?]
	at com.google.gson.internal.bind.TreeTypeAdapter.read(TreeTypeAdapter.java:76) ~[gson-2.10.jar%23107!/:?]
	at com.google.gson.Gson.fromJson(Gson.java:1214) ~[gson-2.10.jar%23107!/:?]
	at com.google.gson.Gson.fromJson(Gson.java:1319) ~[gson-2.10.jar%23107!/:?]
	at com.google.gson.Gson.fromJson(Gson.java:1290) ~[gson-2.10.jar%23107!/:?]
	at com.google.gson.internal.bind.TreeTypeAdapter$GsonContextImpl.deserialize(TreeTypeAdapter.java:179) ~[gson-2.10.jar%23107!/:?]
	at net.minecraft.client.renderer.block.model.BlockModel$Deserializer.m_111506_(BlockModel.java:376) ~[client-1.20.1-20230612.114412-srg.jar%23264!/:?]
	at net.minecraft.client.renderer.block.model.BlockModel$Deserializer.deserialize(BlockModel.java:305) ~[client-1.20.1-20230612.114412-srg.jar%23264!/:?]
	at net.minecraftforge.client.model.ExtendedBlockModelDeserializer.deserialize(ExtendedBlockModelDeserializer.java:53) ~[forge-1.20.1-47.4.20-universal.jar%23269!/:?]
	at net.minecraftforge.client.model.ExtendedBlockModelDeserializer.deserialize(ExtendedBlockModelDeserializer.java:38) ~[forge-1.20.1-47.4.20-universal.jar%23269!/:?]
	at com.google.gson.internal.bind.TreeTypeAdapter.read(TreeTypeAdapter.java:76) ~[gson-2.10.jar%23107!/:?]
	at net.minecraft.util.GsonHelper.m_13780_(GsonHelper.java:524) ~[client-1.20.1-20230612.114412-srg.jar%23264!/:?]
	at net.minecraft.util.GsonHelper.m_263475_(GsonHelper.java:531) ~[client-1.20.1-20230612.114412-srg.jar%23264!/:?]
	at net.minecraft.util.GsonHelper.m_13776_(GsonHelper.java:581) ~[client-1.20.1-20230612.114412-srg.jar%23264!/:?]
	at net.minecraft.client.renderer.block.model.BlockModel.m_111461_(BlockModel.java:74) ~[client-1.20.1-20230612.114412-srg.jar%23264!/:?]
	at net.minecraft.client.resources.model.ModelManager.m_246478_(ModelManager.java:110) ~[client-1.20.1-20230612.114412-srg.jar%23264!/:?]
	at java.util.concurrent.CompletableFuture$AsyncSupply.run(Unknown Source) ~[?:?]
	at java.util.concurrent.CompletableFuture$AsyncSupply.exec(Unknown Source) ~[?:?]
	at java.util.concurrent.ForkJoinTask.doExec(Unknown Source) ~[?:?]
	at java.util.concurrent.ForkJoinPool$WorkQueue.topLevelExec(Unknown Source) ~[?:?]
	at java.util.concurrent.ForkJoinPool.scan(Unknown Source) ~[?:?]
	at java.util.concurrent.ForkJoinPool.runWorker(Unknown Source) ~[?:?]
	at java.util.concurrent.ForkJoinWorkerThread.run(Unknown Source) ~[?:?]
[02:20:03] [Worker-Main-11/ERROR]: Failed to load model jujutsucrafts:models/custom/naginata_fur.json
com.google.gson.JsonParseException: Invalid rotation -24.5 found, only -45/-22.5/0/22.5/45 allowed
	at net.minecraft.client.renderer.block.model.BlockElement$Deserializer.m_111342_(BlockElement.java:112) ~[client-1.20.1-20230612.114412-srg.jar%23264!/:?]
	at net.minecraft.client.renderer.block.model.BlockElement$Deserializer.m_111332_(BlockElement.java:101) ~[client-1.20.1-20230612.114412-srg.jar%23264!/:?]
	at net.minecraft.client.renderer.block.model.BlockElement$Deserializer.deserialize(BlockElement.java:82) ~[client-1.20.1-20230612.114412-srg.jar%23264!/:?]
	at net.minecraft.client.renderer.block.model.BlockElement$Deserializer.deserialize(BlockElement.java:74) ~[client-1.20.1-20230612.114412-srg.jar%23264!/:?]
	at com.google.gson.internal.bind.TreeTypeAdapter.read(TreeTypeAdapter.java:76) ~[gson-2.10.jar%23107!/:?]
	at com.google.gson.Gson.fromJson(Gson.java:1214) ~[gson-2.10.jar%23107!/:?]
	at com.google.gson.Gson.fromJson(Gson.java:1319) ~[gson-2.10.jar%23107!/:?]
	at com.google.gson.Gson.fromJson(Gson.java:1290) ~[gson-2.10.jar%23107!/:?]
	at com.google.gson.internal.bind.TreeTypeAdapter$GsonContextImpl.deserialize(TreeTypeAdapter.java:179) ~[gson-2.10.jar%23107!/:?]
	at net.minecraft.client.renderer.block.model.BlockModel$Deserializer.m_111506_(BlockModel.java:376) ~[client-1.20.1-20230612.114412-srg.jar%23264!/:?]
	at net.minecraft.client.renderer.block.model.BlockModel$Deserializer.deserialize(BlockModel.java:305) ~[client-1.20.1-20230612.114412-srg.jar%23264!/:?]
	at net.minecraftforge.client.model.ExtendedBlockModelDeserializer.deserialize(ExtendedBlockModelDeserializer.java:53) ~[forge-1.20.1-47.4.20-universal.jar%23269!/:?]
	at net.minecraftforge.client.model.ExtendedBlockModelDeserializer.deserialize(ExtendedBlockModelDeserializer.java:38) ~[forge-1.20.1-47.4.20-universal.jar%23269!/:?]
	at com.google.gson.internal.bind.TreeTypeAdapter.read(TreeTypeAdapter.java:76) ~[gson-2.10.jar%23107!/:?]
	at net.minecraft.util.GsonHelper.m_13780_(GsonHelper.java:524) ~[client-1.20.1-20230612.114412-srg.jar%23264!/:?]
	at net.minecraft.util.GsonHelper.m_263475_(GsonHelper.java:531) ~[client-1.20.1-20230612.114412-srg.jar%23264!/:?]
	at net.minecraft.util.GsonHelper.m_13776_(GsonHelper.java:581) ~[client-1.20.1-20230612.114412-srg.jar%23264!/:?]
	at net.minecraft.client.renderer.block.model.BlockModel.m_111461_(BlockModel.java:74) ~[client-1.20.1-20230612.114412-srg.jar%23264!/:?]
	at net.minecraft.client.resources.model.ModelManager.m_246478_(ModelManager.java:110) ~[client-1.20.1-20230612.114412-srg.jar%23264!/:?]
	at java.util.concurrent.CompletableFuture$AsyncSupply.run(Unknown Source) ~[?:?]
	at java.util.concurrent.CompletableFuture$AsyncSupply.exec(Unknown Source) ~[?:?]
	at java.util.concurrent.ForkJoinTask.doExec(Unknown Source) ~[?:?]
	at java.util.concurrent.ForkJoinPool$WorkQueue.topLevelExec(Unknown Source) ~[?:?]
	at java.util.concurrent.ForkJoinPool.scan(Unknown Source) ~[?:?]
	at java.util.concurrent.ForkJoinPool.runWorker(Unknown Source) ~[?:?]
	at java.util.concurrent.ForkJoinWorkerThread.run(Unknown Source) ~[?:?]
[02:20:03] [Worker-Main-4/WARN]: Unsupported geometry json version: 1.21.0 for model jujutsucrafts:geo/wingking_choso.geo.json. Supported versions: 1.12.0. Remove any rotated face UVs and re-export the model to fix
[02:20:03] [Worker-Main-12/WARN]: Unsupported geometry json version for model jujutsucrafts:geo/trumpet.geo.json. Supported versions: 1.12.0
[02:20:03] [Worker-Main-2/INFO]: [JJKStats] Mod inicializado.
[02:20:03] [Worker-Main-9/ERROR]: Failed to load model yuushya:models/extra_building_material/easel_hitbox_rotated.json
com.google.gson.JsonParseException: 'to' specifier exceeds the allowed boundaries: ( 1.700E+1  3.284E+1  9.132E+0)
	at net.minecraft.client.renderer.block.model.BlockElement$Deserializer.m_111352_(BlockElement.java:163) ~[client-1.20.1-20230612.114412-srg.jar%23264!/:?]
	at net.minecraft.client.renderer.block.model.BlockElement$Deserializer.deserialize(BlockElement.java:81) ~[client-1.20.1-20230612.114412-srg.jar%23264!/:?]
	at net.minecraft.client.renderer.block.model.BlockElement$Deserializer.deserialize(BlockElement.java:74) ~[client-1.20.1-20230612.114412-srg.jar%23264!/:?]
	at com.google.gson.internal.bind.TreeTypeAdapter.read(TreeTypeAdapter.java:76) ~[gson-2.10.jar%23107!/:?]
	at com.google.gson.Gson.fromJson(Gson.java:1214) ~[gson-2.10.jar%23107!/:?]
	at com.google.gson.Gson.fromJson(Gson.java:1319) ~[gson-2.10.jar%23107!/:?]
	at com.google.gson.Gson.fromJson(Gson.java:1290) ~[gson-2.10.jar%23107!/:?]
	at com.google.gson.internal.bind.TreeTypeAdapter$GsonContextImpl.deserialize(TreeTypeAdapter.java:179) ~[gson-2.10.jar%23107!/:?]
	at net.minecraft.client.renderer.block.model.BlockModel$Deserializer.m_111506_(BlockModel.java:376) ~[client-1.20.1-20230612.114412-srg.jar%23264!/:?]
	at net.minecraft.client.renderer.block.model.BlockModel$Deserializer.deserialize(BlockModel.java:305) ~[client-1.20.1-20230612.114412-srg.jar%23264!/:?]
	at net.minecraftforge.client.model.ExtendedBlockModelDeserializer.deserialize(ExtendedBlockModelDeserializer.java:53) ~[forge-1.20.1-47.4.20-universal.jar%23269!/:?]
	at net.minecraftforge.client.model.ExtendedBlockModelDeserializer.deserialize(ExtendedBlockModelDeserializer.java:38) ~[forge-1.20.1-47.4.20-universal.jar%23269!/:?]
	at com.google.gson.internal.bind.TreeTypeAdapter.read(TreeTypeAdapter.java:76) ~[gson-2.10.jar%23107!/:?]
	at net.minecraft.util.GsonHelper.m_13780_(GsonHelper.java:524) ~[client-1.20.1-20230612.114412-srg.jar%23264!/:?]
	at net.minecraft.util.GsonHelper.m_263475_(GsonHelper.java:531) ~[client-1.20.1-20230612.114412-srg.jar%23264!/:?]
	at net.minecraft.util.GsonHelper.m_13776_(GsonHelper.java:581) ~[client-1.20.1-20230612.114412-srg.jar%23264!/:?]
	at net.minecraft.client.renderer.block.model.BlockModel.m_111461_(BlockModel.java:74) ~[client-1.20.1-20230612.114412-srg.jar%23264!/:?]
	at net.minecraft.client.resources.model.ModelManager.m_246478_(ModelManager.java:110) ~[client-1.20.1-20230612.114412-srg.jar%23264!/:?]
	at java.util.concurrent.CompletableFuture$AsyncSupply.run(Unknown Source) ~[?:?]
	at java.util.concurrent.CompletableFuture$AsyncSupply.exec(Unknown Source) ~[?:?]
	at java.util.concurrent.ForkJoinTask.doExec(Unknown Source) ~[?:?]
	at java.util.concurrent.ForkJoinPool$WorkQueue.topLevelExec(Unknown Source) ~[?:?]
	at java.util.concurrent.ForkJoinPool.scan(Unknown Source) ~[?:?]
	at java.util.concurrent.ForkJoinPool.runWorker(Unknown Source) ~[?:?]
	at java.util.concurrent.ForkJoinWorkerThread.run(Unknown Source) ~[?:?]
[02:20:03] [Worker-Main-16/ERROR]: Failed to load model yuushya:models/extra_building_material/easel_hitbox.json
com.google.gson.JsonParseException: 'to' specifier exceeds the allowed boundaries: ( 1.700E+1  3.284E+1  9.132E+0)
	at net.minecraft.client.renderer.block.model.BlockElement$Deserializer.m_111352_(BlockElement.java:163) ~[client-1.20.1-20230612.114412-srg.jar%23264!/:?]
	at net.minecraft.client.renderer.block.model.BlockElement$Deserializer.deserialize(BlockElement.java:81) ~[client-1.20.1-20230612.114412-srg.jar%23264!/:?]
	at net.minecraft.client.renderer.block.model.BlockElement$Deserializer.deserialize(BlockElement.java:74) ~[client-1.20.1-20230612.114412-srg.jar%23264!/:?]
	at com.google.gson.internal.bind.TreeTypeAdapter.read(TreeTypeAdapter.java:76) ~[gson-2.10.jar%23107!/:?]
	at com.google.gson.Gson.fromJson(Gson.java:1214) ~[gson-2.10.jar%23107!/:?]
	at com.google.gson.Gson.fromJson(Gson.java:1319) ~[gson-2.10.jar%23107!/:?]
	at com.google.gson.Gson.fromJson(Gson.java:1290) ~[gson-2.10.jar%23107!/:?]
	at com.google.gson.internal.bind.TreeTypeAdapter$GsonContextImpl.deserialize(TreeTypeAdapter.java:179) ~[gson-2.10.jar%23107!/:?]
	at net.minecraft.client.renderer.block.model.BlockModel$Deserializer.m_111506_(BlockModel.java:376) ~[client-1.20.1-20230612.114412-srg.jar%23264!/:?]
	at net.minecraft.client.renderer.block.model.BlockModel$Deserializer.deserialize(BlockModel.java:305) ~[client-1.20.1-20230612.114412-srg.jar%23264!/:?]
	at net.minecraftforge.client.model.ExtendedBlockModelDeserializer.deserialize(ExtendedBlockModelDeserializer.java:53) ~[forge-1.20.1-47.4.20-universal.jar%23269!/:?]
	at net.minecraftforge.client.model.ExtendedBlockModelDeserializer.deserialize(ExtendedBlockModelDeserializer.java:38) ~[forge-1.20.1-47.4.20-universal.jar%23269!/:?]
	at com.google.gson.internal.bind.TreeTypeAdapter.read(TreeTypeAdapter.java:76) ~[gson-2.10.jar%23107!/:?]
	at net.minecraft.util.GsonHelper.m_13780_(GsonHelper.java:524) ~[client-1.20.1-20230612.114412-srg.jar%23264!/:?]
	at net.minecraft.util.GsonHelper.m_263475_(GsonHelper.java:531) ~[client-1.20.1-20230612.114412-srg.jar%23264!/:?]
	at net.minecraft.util.GsonHelper.m_13776_(GsonHelper.java:581) ~[client-1.20.1-20230612.114412-srg.jar%23264!/:?]
	at net.minecraft.client.renderer.block.model.BlockModel.m_111461_(BlockModel.java:74) ~[client-1.20.1-20230612.114412-srg.jar%23264!/:?]
	at net.minecraft.client.resources.model.ModelManager.m_246478_(ModelManager.java:110) ~[client-1.20.1-20230612.114412-srg.jar%23264!/:?]
	at java.util.concurrent.CompletableFuture$AsyncSupply.run(Unknown Source) ~[?:?]
	at java.util.concurrent.CompletableFuture$AsyncSupply.exec(Unknown Source) ~[?:?]
	at java.util.concurrent.ForkJoinTask.doExec(Unknown Source) ~[?:?]
	at java.util.concurrent.ForkJoinPool$WorkQueue.topLevelExec(Unknown Source) ~[?:?]
	at java.util.concurrent.ForkJoinPool.scan(Unknown Source) ~[?:?]
	at java.util.concurrent.ForkJoinPool.runWorker(Unknown Source) ~[?:?]
	at java.util.concurrent.ForkJoinWorkerThread.run(Unknown Source) ~[?:?]
[02:20:04] [Worker-Main-6/ERROR]: Failed to load model yuushya:models/extra_building_material/flooring_water_half.json
com.google.gson.JsonParseException: 'to' specifier exceeds the allowed boundaries: ( 4.000E+1  1.000E+0  4.000E+1)
	at net.minecraft.client.renderer.block.model.BlockElement$Deserializer.m_111352_(BlockElement.java:163) ~[client-1.20.1-20230612.114412-srg.jar%23264!/:?]
	at net.minecraft.client.renderer.block.model.BlockElement$Deserializer.deserialize(BlockElement.java:81) ~[client-1.20.1-20230612.114412-srg.jar%23264!/:?]
	at net.minecraft.client.renderer.block.model.BlockElement$Deserializer.deserialize(BlockElement.java:74) ~[client-1.20.1-20230612.114412-srg.jar%23264!/:?]
	at com.google.gson.internal.bind.TreeTypeAdapter.read(TreeTypeAdapter.java:76) ~[gson-2.10.jar%23107!/:?]
	at com.google.gson.Gson.fromJson(Gson.java:1214) ~[gson-2.10.jar%23107!/:?]
	at com.google.gson.Gson.fromJson(Gson.java:1319) ~[gson-2.10.jar%23107!/:?]
	at com.google.gson.Gson.fromJson(Gson.java:1290) ~[gson-2.10.jar%23107!/:?]
	at com.google.gson.internal.bind.TreeTypeAdapter$GsonContextImpl.deserialize(TreeTypeAdapter.java:179) ~[gson-2.10.jar%23107!/:?]
	at net.minecraft.client.renderer.block.model.BlockModel$Deserializer.m_111506_(BlockModel.java:376) ~[client-1.20.1-20230612.114412-srg.jar%23264!/:?]
	at net.minecraft.client.renderer.block.model.BlockModel$Deserializer.deserialize(BlockModel.java:305) ~[client-1.20.1-20230612.114412-srg.jar%23264!/:?]
	at net.minecraftforge.client.model.ExtendedBlockModelDeserializer.deserialize(ExtendedBlockModelDeserializer.java:53) ~[forge-1.20.1-47.4.20-universal.jar%23269!/:?]
	at net.minecraftforge.client.model.ExtendedBlockModelDeserializer.deserialize(ExtendedBlockModelDeserializer.java:38) ~[forge-1.20.1-47.4.20-universal.jar%23269!/:?]
	at com.google.gson.internal.bind.TreeTypeAdapter.read(TreeTypeAdapter.java:76) ~[gson-2.10.jar%23107!/:?]
	at net.minecraft.util.GsonHelper.m_13780_(GsonHelper.java:524) ~[client-1.20.1-20230612.114412-srg.jar%23264!/:?]
	at net.minecraft.util.GsonHelper.m_263475_(GsonHelper.java:531) ~[client-1.20.1-20230612.114412-srg.jar%23264!/:?]
	at net.minecraft.util.GsonHelper.m_13776_(GsonHelper.java:581) ~[client-1.20.1-20230612.114412-srg.jar%23264!/:?]
	at net.minecraft.client.renderer.block.model.BlockModel.m_111461_(BlockModel.java:74) ~[client-1.20.1-20230612.114412-srg.jar%23264!/:?]
	at net.minecraft.client.resources.model.ModelManager.m_246478_(ModelManager.java:110) ~[client-1.20.1-20230612.114412-srg.jar%23264!/:?]
	at java.util.concurrent.CompletableFuture$AsyncSupply.run(Unknown Source) ~[?:?]
	at java.util.concurrent.CompletableFuture$AsyncSupply.exec(Unknown Source) ~[?:?]
	at java.util.concurrent.ForkJoinTask.doExec(Unknown Source) ~[?:?]
	at java.util.concurrent.ForkJoinPool$WorkQueue.topLevelExec(Unknown Source) ~[?:?]
	at java.util.concurrent.ForkJoinPool.scan(Unknown Source) ~[?:?]
	at java.util.concurrent.ForkJoinPool.runWorker(Unknown Source) ~[?:?]
	at java.util.concurrent.ForkJoinWorkerThread.run(Unknown Source) ~[?:?]
[02:20:04] [Worker-Main-9/ERROR]: Failed to load model yuushya:models/extra_building_material/roof/roof/tile1_lp_none_hitbox.json
com.google.gson.JsonSyntaxException: Missing texture, expected to find a string
	at net.minecraft.util.GsonHelper.m_13906_(GsonHelper.java:127) ~[client-1.20.1-20230612.114412-srg.jar%23264!/:?]
	at net.minecraft.client.renderer.block.model.BlockElementFace$Deserializer.m_111370_(BlockElementFace.java:67) ~[client-1.20.1-20230612.114412-srg.jar%23264!/:?]
	at net.minecraft.client.renderer.block.model.BlockElementFace$Deserializer.deserialize(BlockElementFace.java:56) ~[client-1.20.1-20230612.114412-srg.jar%23264!/:?]
	at net.minecraft.client.renderer.block.model.BlockElementFace$Deserializer.deserialize(BlockElementFace.java:48) ~[client-1.20.1-20230612.114412-srg.jar%23264!/:?]
	at com.google.gson.internal.bind.TreeTypeAdapter.read(TreeTypeAdapter.java:76) ~[gson-2.10.jar%23107!/:?]
	at com.google.gson.Gson.fromJson(Gson.java:1214) ~[gson-2.10.jar%23107!/:?]
	at com.google.gson.Gson.fromJson(Gson.java:1319) ~[gson-2.10.jar%23107!/:?]
	at com.google.gson.Gson.fromJson(Gson.java:1290) ~[gson-2.10.jar%23107!/:?]
	at com.google.gson.internal.bind.TreeTypeAdapter$GsonContextImpl.deserialize(TreeTypeAdapter.java:179) ~[gson-2.10.jar%23107!/:?]
	at net.minecraft.client.renderer.block.model.BlockElement$Deserializer.m_111339_(BlockElement.java:143) ~[client-1.20.1-20230612.114412-srg.jar%23264!/:?]
	at net.minecraft.client.renderer.block.model.BlockElement$Deserializer.m_111325_(BlockElement.java:129) ~[client-1.20.1-20230612.114412-srg.jar%23264!/:?]
	at net.minecraft.client.renderer.block.model.BlockElement$Deserializer.deserialize(BlockElement.java:83) ~[client-1.20.1-20230612.114412-srg.jar%23264!/:?]
	at net.minecraft.client.renderer.block.model.BlockElement$Deserializer.deserialize(BlockElement.java:74) ~[client-1.20.1-20230612.114412-srg.jar%23264!/:?]
	at com.google.gson.internal.bind.TreeTypeAdapter.read(TreeTypeAdapter.java:76) ~[gson-2.10.jar%23107!/:?]
	at com.google.gson.Gson.fromJson(Gson.java:1214) ~[gson-2.10.jar%23107!/:?]
	at com.google.gson.Gson.fromJson(Gson.java:1319) ~[gson-2.10.jar%23107!/:?]
	at com.google.gson.Gson.fromJson(Gson.java:1290) ~[gson-2.10.jar%23107!/:?]
	at com.google.gson.internal.bind.TreeTypeAdapter$GsonContextImpl.deserialize(TreeTypeAdapter.java:179) ~[gson-2.10.jar%23107!/:?]
	at net.minecraft.client.renderer.block.model.BlockModel$Deserializer.m_111506_(BlockModel.java:376) ~[client-1.20.1-20230612.114412-srg.jar%23264!/:?]
	at net.minecraft.client.renderer.block.model.BlockModel$Deserializer.deserialize(BlockModel.java:305) ~[client-1.20.1-20230612.114412-srg.jar%23264!/:?]
	at net.minecraftforge.client.model.ExtendedBlockModelDeserializer.deserialize(ExtendedBlockModelDeserializer.java:53) ~[forge-1.20.1-47.4.20-universal.jar%23269!/:?]
	at net.minecraftforge.client.model.ExtendedBlockModelDeserializer.deserialize(ExtendedBlockModelDeserializer.java:38) ~[forge-1.20.1-47.4.20-universal.jar%23269!/:?]
	at com.google.gson.internal.bind.TreeTypeAdapter.read(TreeTypeAdapter.java:76) ~[gson-2.10.jar%23107!/:?]
	at net.minecraft.util.GsonHelper.m_13780_(GsonHelper.java:524) ~[client-1.20.1-20230612.114412-srg.jar%23264!/:?]
	at net.minecraft.util.GsonHelper.m_263475_(GsonHelper.java:531) ~[client-1.20.1-20230612.114412-srg.jar%23264!/:?]
	at net.minecraft.util.GsonHelper.m_13776_(GsonHelper.java:581) ~[client-1.20.1-20230612.114412-srg.jar%23264!/:?]
	at net.minecraft.client.renderer.block.model.BlockModel.m_111461_(BlockModel.java:74) ~[client-1.20.1-20230612.114412-srg.jar%23264!/:?]
	at net.minecraft.client.resources.model.ModelManager.m_246478_(ModelManager.java:110) ~[client-1.20.1-20230612.114412-srg.jar%23264!/:?]
	at java.util.concurrent.CompletableFuture$AsyncSupply.run(Unknown Source) ~[?:?]
	at java.util.concurrent.CompletableFuture$AsyncSupply.exec(Unknown Source) ~[?:?]
	at java.util.concurrent.ForkJoinTask.doExec(Unknown Source) ~[?:?]
	at java.util.concurrent.ForkJoinPool$WorkQueue.topLevelExec(Unknown Source) ~[?:?]
	at java.util.concurrent.ForkJoinPool.scan(Unknown Source) ~[?:?]
	at java.util.concurrent.ForkJoinPool.runWorker(Unknown Source) ~[?:?]
	at java.util.concurrent.ForkJoinWorkerThread.run(Unknown Source) ~[?:?]
[02:20:04] [Worker-Main-6/ERROR]: Failed to load model yuushya:models/extra_building_material/tanghulu_bunch_hitbox.json
com.google.gson.JsonSyntaxException: Missing texture, expected to find a string
	at net.minecraft.util.GsonHelper.m_13906_(GsonHelper.java:127) ~[client-1.20.1-20230612.114412-srg.jar%23264!/:?]
	at net.minecraft.client.renderer.block.model.BlockElementFace$Deserializer.m_111370_(BlockElementFace.java:67) ~[client-1.20.1-20230612.114412-srg.jar%23264!/:?]
	at net.minecraft.client.renderer.block.model.BlockElementFace$Deserializer.deserialize(BlockElementFace.java:56) ~[client-1.20.1-20230612.114412-srg.jar%23264!/:?]
	at net.minecraft.client.renderer.block.model.BlockElementFace$Deserializer.deserialize(BlockElementFace.java:48) ~[client-1.20.1-20230612.114412-srg.jar%23264!/:?]
	at com.google.gson.internal.bind.TreeTypeAdapter.read(TreeTypeAdapter.java:76) ~[gson-2.10.jar%23107!/:?]
	at com.google.gson.Gson.fromJson(Gson.java:1214) ~[gson-2.10.jar%23107!/:?]
	at com.google.gson.Gson.fromJson(Gson.java:1319) ~[gson-2.10.jar%23107!/:?]
	at com.google.gson.Gson.fromJson(Gson.java:1290) ~[gson-2.10.jar%23107!/:?]
	at com.google.gson.internal.bind.TreeTypeAdapter$GsonContextImpl.deserialize(TreeTypeAdapter.java:179) ~[gson-2.10.jar%23107!/:?]
	at net.minecraft.client.renderer.block.model.BlockElement$Deserializer.m_111339_(BlockElement.java:143) ~[client-1.20.1-20230612.114412-srg.jar%23264!/:?]
	at net.minecraft.client.renderer.block.model.BlockElement$Deserializer.m_111325_(BlockElement.java:129) ~[client-1.20.1-20230612.114412-srg.jar%23264!/:?]
	at net.minecraft.client.renderer.block.model.BlockElement$Deserializer.deserialize(BlockElement.java:83) ~[client-1.20.1-20230612.114412-srg.jar%23264!/:?]
	at net.minecraft.client.renderer.block.model.BlockElement$Deserializer.deserialize(BlockElement.java:74) ~[client-1.20.1-20230612.114412-srg.jar%23264!/:?]
	at com.google.gson.internal.bind.TreeTypeAdapter.read(TreeTypeAdapter.java:76) ~[gson-2.10.jar%23107!/:?]
	at com.google.gson.Gson.fromJson(Gson.java:1214) ~[gson-2.10.jar%23107!/:?]
	at com.google.gson.Gson.fromJson(Gson.java:1319) ~[gson-2.10.jar%23107!/:?]
	at com.google.gson.Gson.fromJson(Gson.java:1290) ~[gson-2.10.jar%23107!/:?]
	at com.google.gson.internal.bind.TreeTypeAdapter$GsonContextImpl.deserialize(TreeTypeAdapter.java:179) ~[gson-2.10.jar%23107!/:?]
	at net.minecraft.client.renderer.block.model.BlockModel$Deserializer.m_111506_(BlockModel.java:376) ~[client-1.20.1-20230612.114412-srg.jar%23264!/:?]
	at net.minecraft.client.renderer.block.model.BlockModel$Deserializer.deserialize(BlockModel.java:305) ~[client-1.20.1-20230612.114412-srg.jar%23264!/:?]
	at net.minecraftforge.client.model.ExtendedBlockModelDeserializer.deserialize(ExtendedBlockModelDeserializer.java:53) ~[forge-1.20.1-47.4.20-universal.jar%23269!/:?]
	at net.minecraftforge.client.model.ExtendedBlockModelDeserializer.deserialize(ExtendedBlockModelDeserializer.java:38) ~[forge-1.20.1-47.4.20-universal.jar%23269!/:?]
	at com.google.gson.internal.bind.TreeTypeAdapter.read(TreeTypeAdapter.java:76) ~[gson-2.10.jar%23107!/:?]
	at net.minecraft.util.GsonHelper.m_13780_(GsonHelper.java:524) ~[client-1.20.1-20230612.114412-srg.jar%23264!/:?]
	at net.minecraft.util.GsonHelper.m_263475_(GsonHelper.java:531) ~[client-1.20.1-20230612.114412-srg.jar%23264!/:?]
	at net.minecraft.util.GsonHelper.m_13776_(GsonHelper.java:581) ~[client-1.20.1-20230612.114412-srg.jar%23264!/:?]
	at net.minecraft.client.renderer.block.model.BlockModel.m_111461_(BlockModel.java:74) ~[client-1.20.1-20230612.114412-srg.jar%23264!/:?]
	at net.minecraft.client.resources.model.ModelManager.m_246478_(ModelManager.java:110) ~[client-1.20.1-20230612.114412-srg.jar%23264!/:?]
	at java.util.concurrent.CompletableFuture$AsyncSupply.run(Unknown Source) ~[?:?]
	at java.util.concurrent.CompletableFuture$AsyncSupply.exec(Unknown Source) ~[?:?]
	at java.util.concurrent.ForkJoinTask.doExec(Unknown Source) ~[?:?]
	at java.util.concurrent.ForkJoinPool$WorkQueue.topLevelExec(Unknown Source) ~[?:?]
	at java.util.concurrent.ForkJoinPool.scan(Unknown Source) ~[?:?]
	at java.util.concurrent.ForkJoinPool.runWorker(Unknown Source) ~[?:?]
	at java.util.concurrent.ForkJoinWorkerThread.run(Unknown Source) ~[?:?]
[02:20:04] [Forge Version Check/INFO]: [forge] Found status: AHEAD Current: 47.4.20 Target: null
[02:20:04] [Worker-Main-16/ERROR]: Failed to load model mts:models/item/oamp.luggage_suitcase.json
com.google.gson.JsonSyntaxException: Missing axis, expected to find a string
	at net.minecraft.util.GsonHelper.m_13906_(GsonHelper.java:127) ~[client-1.20.1-20230612.114412-srg.jar%23264!/:?]
	at net.minecraft.client.renderer.block.model.BlockElement$Deserializer.m_111344_(BlockElement.java:119) ~[client-1.20.1-20230612.114412-srg.jar%23264!/:?]
	at net.minecraft.client.renderer.block.model.BlockElement$Deserializer.m_111332_(BlockElement.java:100) ~[client-1.20.1-20230612.114412-srg.jar%23264!/:?]
	at net.minecraft.client.renderer.block.model.BlockElement$Deserializer.deserialize(BlockElement.java:82) ~[client-1.20.1-20230612.114412-srg.jar%23264!/:?]
	at net.minecraft.client.renderer.block.model.BlockElement$Deserializer.deserialize(BlockElement.java:74) ~[client-1.20.1-20230612.114412-srg.jar%23264!/:?]
	at com.google.gson.internal.bind.TreeTypeAdapter.read(TreeTypeAdapter.java:76) ~[gson-2.10.jar%23107!/:?]
	at com.google.gson.Gson.fromJson(Gson.java:1214) ~[gson-2.10.jar%23107!/:?]
	at com.google.gson.Gson.fromJson(Gson.java:1319) ~[gson-2.10.jar%23107!/:?]
	at com.google.gson.Gson.fromJson(Gson.java:1290) ~[gson-2.10.jar%23107!/:?]
	at com.google.gson.internal.bind.TreeTypeAdapter$GsonContextImpl.deserialize(TreeTypeAdapter.java:179) ~[gson-2.10.jar%23107!/:?]
	at net.minecraft.client.renderer.block.model.BlockModel$Deserializer.m_111506_(BlockModel.java:376) ~[client-1.20.1-20230612.114412-srg.jar%23264!/:?]
	at net.minecraft.client.renderer.block.model.BlockModel$Deserializer.deserialize(BlockModel.java:305) ~[client-1.20.1-20230612.114412-srg.jar%23264!/:?]
	at net.minecraftforge.client.model.ExtendedBlockModelDeserializer.deserialize(ExtendedBlockModelDeserializer.java:53) ~[forge-1.20.1-47.4.20-universal.jar%23269!/:?]
	at net.minecraftforge.client.model.ExtendedBlockModelDeserializer.deserialize(ExtendedBlockModelDeserializer.java:38) ~[forge-1.20.1-47.4.20-universal.jar%23269!/:?]
	at com.google.gson.internal.bind.TreeTypeAdapter.read(TreeTypeAdapter.java:76) ~[gson-2.10.jar%23107!/:?]
	at net.minecraft.util.GsonHelper.m_13780_(GsonHelper.java:524) ~[client-1.20.1-20230612.114412-srg.jar%23264!/:?]
	at net.minecraft.util.GsonHelper.m_263475_(GsonHelper.java:531) ~[client-1.20.1-20230612.114412-srg.jar%23264!/:?]
	at net.minecraft.util.GsonHelper.m_13776_(GsonHelper.java:581) ~[client-1.20.1-20230612.114412-srg.jar%23264!/:?]
	at net.minecraft.client.renderer.block.model.BlockModel.m_111461_(BlockModel.java:74) ~[client-1.20.1-20230612.114412-srg.jar%23264!/:?]
	at net.minecraft.client.resources.model.ModelManager.m_246478_(ModelManager.java:110) ~[client-1.20.1-20230612.114412-srg.jar%23264!/:?]
	at java.util.concurrent.CompletableFuture$AsyncSupply.run(Unknown Source) ~[?:?]
	at java.util.concurrent.CompletableFuture$AsyncSupply.exec(Unknown Source) ~[?:?]
	at java.util.concurrent.ForkJoinTask.doExec(Unknown Source) ~[?:?]
	at java.util.concurrent.ForkJoinPool$WorkQueue.topLevelExec(Unknown Source) ~[?:?]
	at java.util.concurrent.ForkJoinPool.scan(Unknown Source) ~[?:?]
	at java.util.concurrent.ForkJoinPool.runWorker(Unknown Source) ~[?:?]
	at java.util.concurrent.ForkJoinWorkerThread.run(Unknown Source) ~[?:?]
[02:20:04] [Worker-Main-2/ERROR]: Failed to load model oamp:models/item/parts/wheelvintage_mint.json
com.google.gson.JsonSyntaxException: Missing axis, expected to find a string
	at net.minecraft.util.GsonHelper.m_13906_(GsonHelper.java:127) ~[client-1.20.1-20230612.114412-srg.jar%23264!/:?]
	at net.minecraft.client.renderer.block.model.BlockElement$Deserializer.m_111344_(BlockElement.java:119) ~[client-1.20.1-20230612.114412-srg.jar%23264!/:?]
	at net.minecraft.client.renderer.block.model.BlockElement$Deserializer.m_111332_(BlockElement.java:100) ~[client-1.20.1-20230612.114412-srg.jar%23264!/:?]
	at net.minecraft.client.renderer.block.model.BlockElement$Deserializer.deserialize(BlockElement.java:82) ~[client-1.20.1-20230612.114412-srg.jar%23264!/:?]
	at net.minecraft.client.renderer.block.model.BlockElement$Deserializer.deserialize(BlockElement.java:74) ~[client-1.20.1-20230612.114412-srg.jar%23264!/:?]
	at com.google.gson.internal.bind.TreeTypeAdapter.read(TreeTypeAdapter.java:76) ~[gson-2.10.jar%23107!/:?]
	at com.google.gson.Gson.fromJson(Gson.java:1214) ~[gson-2.10.jar%23107!/:?]
	at com.google.gson.Gson.fromJson(Gson.java:1319) ~[gson-2.10.jar%23107!/:?]
	at com.google.gson.Gson.fromJson(Gson.java:1290) ~[gson-2.10.jar%23107!/:?]
	at com.google.gson.internal.bind.TreeTypeAdapter$GsonContextImpl.deserialize(TreeTypeAdapter.java:179) ~[gson-2.10.jar%23107!/:?]
	at net.minecraft.client.renderer.block.model.BlockModel$Deserializer.m_111506_(BlockModel.java:376) ~[client-1.20.1-20230612.114412-srg.jar%23264!/:?]
	at net.minecraft.client.renderer.block.model.BlockModel$Deserializer.deserialize(BlockModel.java:305) ~[client-1.20.1-20230612.114412-srg.jar%23264!/:?]
	at net.minecraftforge.client.model.ExtendedBlockModelDeserializer.deserialize(ExtendedBlockModelDeserializer.java:53) ~[forge-1.20.1-47.4.20-universal.jar%23269!/:?]
	at net.minecraftforge.client.model.ExtendedBlockModelDeserializer.deserialize(ExtendedBlockModelDeserializer.java:38) ~[forge-1.20.1-47.4.20-universal.jar%23269!/:?]
	at com.google.gson.internal.bind.TreeTypeAdapter.read(TreeTypeAdapter.java:76) ~[gson-2.10.jar%23107!/:?]
	at net.minecraft.util.GsonHelper.m_13780_(GsonHelper.java:524) ~[client-1.20.1-20230612.114412-srg.jar%23264!/:?]
	at net.minecraft.util.GsonHelper.m_263475_(GsonHelper.java:531) ~[client-1.20.1-20230612.114412-srg.jar%23264!/:?]
	at net.minecraft.util.GsonHelper.m_13776_(GsonHelper.java:581) ~[client-1.20.1-20230612.114412-srg.jar%23264!/:?]
	at net.minecraft.client.renderer.block.model.BlockModel.m_111461_(BlockModel.java:74) ~[client-1.20.1-20230612.114412-srg.jar%23264!/:?]
	at net.minecraft.client.resources.model.ModelManager.m_246478_(ModelManager.java:110) ~[client-1.20.1-20230612.114412-srg.jar%23264!/:?]
	at java.util.concurrent.CompletableFuture$AsyncSupply.run(Unknown Source) ~[?:?]
	at java.util.concurrent.CompletableFuture$AsyncSupply.exec(Unknown Source) ~[?:?]
	at java.util.concurrent.ForkJoinTask.doExec(Unknown Source) ~[?:?]
	at java.util.concurrent.ForkJoinPool$WorkQueue.topLevelExec(Unknown Source) ~[?:?]
	at java.util.concurrent.ForkJoinPool.scan(Unknown Source) ~[?:?]
	at java.util.concurrent.ForkJoinPool.runWorker(Unknown Source) ~[?:?]
	at java.util.concurrent.ForkJoinWorkerThread.run(Unknown Source) ~[?:?]
[02:20:04] [Worker-Main-9/ERROR]: Failed to load model oamp:models/item/parts/wheelvintage_police.json
com.google.gson.JsonSyntaxException: Missing axis, expected to find a string
	at net.minecraft.util.GsonHelper.m_13906_(GsonHelper.java:127) ~[client-1.20.1-20230612.114412-srg.jar%23264!/:?]
	at net.minecraft.client.renderer.block.model.BlockElement$Deserializer.m_111344_(BlockElement.java:119) ~[client-1.20.1-20230612.114412-srg.jar%23264!/:?]
	at net.minecraft.client.renderer.block.model.BlockElement$Deserializer.m_111332_(BlockElement.java:100) ~[client-1.20.1-20230612.114412-srg.jar%23264!/:?]
	at net.minecraft.client.renderer.block.model.BlockElement$Deserializer.deserialize(BlockElement.java:82) ~[client-1.20.1-20230612.114412-srg.jar%23264!/:?]
	at net.minecraft.client.renderer.block.model.BlockElement$Deserializer.deserialize(BlockElement.java:74) ~[client-1.20.1-20230612.114412-srg.jar%23264!/:?]
	at com.google.gson.internal.bind.TreeTypeAdapter.read(TreeTypeAdapter.java:76) ~[gson-2.10.jar%23107!/:?]
	at com.google.gson.Gson.fromJson(Gson.java:1214) ~[gson-2.10.jar%23107!/:?]
	at com.google.gson.Gson.fromJson(Gson.java:1319) ~[gson-2.10.jar%23107!/:?]
	at com.google.gson.Gson.fromJson(Gson.java:1290) ~[gson-2.10.jar%23107!/:?]
	at com.google.gson.internal.bind.TreeTypeAdapter$GsonContextImpl.deserialize(TreeTypeAdapter.java:179) ~[gson-2.10.jar%23107!/:?]
	at net.minecraft.client.renderer.block.model.BlockModel$Deserializer.m_111506_(BlockModel.java:376) ~[client-1.20.1-20230612.114412-srg.jar%23264!/:?]
	at net.minecraft.client.renderer.block.model.BlockModel$Deserializer.deserialize(BlockModel.java:305) ~[client-1.20.1-20230612.114412-srg.jar%23264!/:?]
	at net.minecraftforge.client.model.ExtendedBlockModelDeserializer.deserialize(ExtendedBlockModelDeserializer.java:53) ~[forge-1.20.1-47.4.20-universal.jar%23269!/:?]
	at net.minecraftforge.client.model.ExtendedBlockModelDeserializer.deserialize(ExtendedBlockModelDeserializer.java:38) ~[forge-1.20.1-47.4.20-universal.jar%23269!/:?]
	at com.google.gson.internal.bind.TreeTypeAdapter.read(TreeTypeAdapter.java:76) ~[gson-2.10.jar%23107!/:?]
	at net.minecraft.util.GsonHelper.m_13780_(GsonHelper.java:524) ~[client-1.20.1-20230612.114412-srg.jar%23264!/:?]
	at net.minecraft.util.GsonHelper.m_263475_(GsonHelper.java:531) ~[client-1.20.1-20230612.114412-srg.jar%23264!/:?]
	at net.minecraft.util.GsonHelper.m_13776_(GsonHelper.java:581) ~[client-1.20.1-20230612.114412-srg.jar%23264!/:?]
	at net.minecraft.client.renderer.block.model.BlockModel.m_111461_(BlockModel.java:74) ~[client-1.20.1-20230612.114412-srg.jar%23264!/:?]
	at net.minecraft.client.resources.model.ModelManager.m_246478_(ModelManager.java:110) ~[client-1.20.1-20230612.114412-srg.jar%23264!/:?]
	at java.util.concurrent.CompletableFuture$AsyncSupply.run(Unknown Source) ~[?:?]
	at java.util.concurrent.CompletableFuture$AsyncSupply.exec(Unknown Source) ~[?:?]
	at java.util.concurrent.ForkJoinTask.doExec(Unknown Source) ~[?:?]
	at java.util.concurrent.ForkJoinPool$WorkQueue.topLevelExec(Unknown Source) ~[?:?]
	at java.util.concurrent.ForkJoinPool.scan(Unknown Source) ~[?:?]
	at java.util.concurrent.ForkJoinPool.runWorker(Unknown Source) ~[?:?]
	at java.util.concurrent.ForkJoinWorkerThread.run(Unknown Source) ~[?:?]
[02:20:04] [Worker-Main-3/ERROR]: Failed to load model oamp:models/item/parts/wheelvintage_sinty.json
com.google.gson.JsonSyntaxException: Missing axis, expected to find a string
	at net.minecraft.util.GsonHelper.m_13906_(GsonHelper.java:127) ~[client-1.20.1-20230612.114412-srg.jar%23264!/:?]
	at net.minecraft.client.renderer.block.model.BlockElement$Deserializer.m_111344_(BlockElement.java:119) ~[client-1.20.1-20230612.114412-srg.jar%23264!/:?]
	at net.minecraft.client.renderer.block.model.BlockElement$Deserializer.m_111332_(BlockElement.java:100) ~[client-1.20.1-20230612.114412-srg.jar%23264!/:?]
	at net.minecraft.client.renderer.block.model.BlockElement$Deserializer.deserialize(BlockElement.java:82) ~[client-1.20.1-20230612.114412-srg.jar%23264!/:?]
	at net.minecraft.client.renderer.block.model.BlockElement$Deserializer.deserialize(BlockElement.java:74) ~[client-1.20.1-20230612.114412-srg.jar%23264!/:?]
	at com.google.gson.internal.bind.TreeTypeAdapter.read(TreeTypeAdapter.java:76) ~[gson-2.10.jar%23107!/:?]
	at com.google.gson.Gson.fromJson(Gson.java:1214) ~[gson-2.10.jar%23107!/:?]
	at com.google.gson.Gson.fromJson(Gson.java:1319) ~[gson-2.10.jar%23107!/:?]
	at com.google.gson.Gson.fromJson(Gson.java:1290) ~[gson-2.10.jar%23107!/:?]
	at com.google.gson.internal.bind.TreeTypeAdapter$GsonContextImpl.deserialize(TreeTypeAdapter.java:179) ~[gson-2.10.jar%23107!/:?]
	at net.minecraft.client.renderer.block.model.BlockModel$Deserializer.m_111506_(BlockModel.java:376) ~[client-1.20.1-20230612.114412-srg.jar%23264!/:?]
	at net.minecraft.client.renderer.block.model.BlockModel$Deserializer.deserialize(BlockModel.java:305) ~[client-1.20.1-20230612.114412-srg.jar%23264!/:?]
	at net.minecraftforge.client.model.ExtendedBlockModelDeserializer.deserialize(ExtendedBlockModelDeserializer.java:53) ~[forge-1.20.1-47.4.20-universal.jar%23269!/:?]
	at net.minecraftforge.client.model.ExtendedBlockModelDeserializer.deserialize(ExtendedBlockModelDeserializer.java:38) ~[forge-1.20.1-47.4.20-universal.jar%23269!/:?]
	at com.google.gson.internal.bind.TreeTypeAdapter.read(TreeTypeAdapter.java:76) ~[gson-2.10.jar%23107!/:?]
	at net.minecraft.util.GsonHelper.m_13780_(GsonHelper.java:524) ~[client-1.20.1-20230612.114412-srg.jar%23264!/:?]
	at net.minecraft.util.GsonHelper.m_263475_(GsonHelper.java:531) ~[client-1.20.1-20230612.114412-srg.jar%23264!/:?]
	at net.minecraft.util.GsonHelper.m_13776_(GsonHelper.java:581) ~[client-1.20.1-20230612.114412-srg.jar%23264!/:?]
	at net.minecraft.client.renderer.block.model.BlockModel.m_111461_(BlockModel.java:74) ~[client-1.20.1-20230612.114412-srg.jar%23264!/:?]
	at net.minecraft.client.resources.model.ModelManager.m_246478_(ModelManager.java:110) ~[client-1.20.1-20230612.114412-srg.jar%23264!/:?]
	at java.util.concurrent.CompletableFuture$AsyncSupply.run(Unknown Source) ~[?:?]
	at java.util.concurrent.CompletableFuture$AsyncSupply.exec(Unknown Source) ~[?:?]
	at java.util.concurrent.ForkJoinTask.doExec(Unknown Source) ~[?:?]
	at java.util.concurrent.ForkJoinPool$WorkQueue.topLevelExec(Unknown Source) ~[?:?]
	at java.util.concurrent.ForkJoinPool.scan(Unknown Source) ~[?:?]
	at java.util.concurrent.ForkJoinPool.runWorker(Unknown Source) ~[?:?]
	at java.util.concurrent.ForkJoinWorkerThread.run(Unknown Source) ~[?:?]
[02:20:04] [Worker-Main-12/ERROR]: Failed to load model oamp:models/item/parts/wheelvintage_lightblue.json
com.google.gson.JsonSyntaxException: Missing axis, expected to find a string
	at net.minecraft.util.GsonHelper.m_13906_(GsonHelper.java:127) ~[client-1.20.1-20230612.114412-srg.jar%23264!/:?]
	at net.minecraft.client.renderer.block.model.BlockElement$Deserializer.m_111344_(BlockElement.java:119) ~[client-1.20.1-20230612.114412-srg.jar%23264!/:?]
	at net.minecraft.client.renderer.block.model.BlockElement$Deserializer.m_111332_(BlockElement.java:100) ~[client-1.20.1-20230612.114412-srg.jar%23264!/:?]
	at net.minecraft.client.renderer.block.model.BlockElement$Deserializer.deserialize(BlockElement.java:82) ~[client-1.20.1-20230612.114412-srg.jar%23264!/:?]
	at net.minecraft.client.renderer.block.model.BlockElement$Deserializer.deserialize(BlockElement.java:74) ~[client-1.20.1-20230612.114412-srg.jar%23264!/:?]
	at com.google.gson.internal.bind.TreeTypeAdapter.read(TreeTypeAdapter.java:76) ~[gson-2.10.jar%23107!/:?]
	at com.google.gson.Gson.fromJson(Gson.java:1214) ~[gson-2.10.jar%23107!/:?]
	at com.google.gson.Gson.fromJson(Gson.java:1319) ~[gson-2.10.jar%23107!/:?]
	at com.google.gson.Gson.fromJson(Gson.java:1290) ~[gson-2.10.jar%23107!/:?]
	at com.google.gson.internal.bind.TreeTypeAdapter$GsonContextImpl.deserialize(TreeTypeAdapter.java:179) ~[gson-2.10.jar%23107!/:?]
	at net.minecraft.client.renderer.block.model.BlockModel$Deserializer.m_111506_(BlockModel.java:376) ~[client-1.20.1-20230612.114412-srg.jar%23264!/:?]
	at net.minecraft.client.renderer.block.model.BlockModel$Deserializer.deserialize(BlockModel.java:305) ~[client-1.20.1-20230612.114412-srg.jar%23264!/:?]
	at net.minecraftforge.client.model.ExtendedBlockModelDeserializer.deserialize(ExtendedBlockModelDeserializer.java:53) ~[forge-1.20.1-47.4.20-universal.jar%23269!/:?]
	at net.minecraftforge.client.model.ExtendedBlockModelDeserializer.deserialize(ExtendedBlockModelDeserializer.java:38) ~[forge-1.20.1-47.4.20-universal.jar%23269!/:?]
	at com.google.gson.internal.bind.TreeTypeAdapter.read(TreeTypeAdapter.java:76) ~[gson-2.10.jar%23107!/:?]
	at net.minecraft.util.GsonHelper.m_13780_(GsonHelper.java:524) ~[client-1.20.1-20230612.114412-srg.jar%23264!/:?]
	at net.minecraft.util.GsonHelper.m_263475_(GsonHelper.java:531) ~[client-1.20.1-20230612.114412-srg.jar%23264!/:?]
	at net.minecraft.util.GsonHelper.m_13776_(GsonHelper.java:581) ~[client-1.20.1-20230612.114412-srg.jar%23264!/:?]
	at net.minecraft.client.renderer.block.model.BlockModel.m_111461_(BlockModel.java:74) ~[client-1.20.1-20230612.114412-srg.jar%23264!/:?]
	at net.minecraft.client.resources.model.ModelManager.m_246478_(ModelManager.java:110) ~[client-1.20.1-20230612.114412-srg.jar%23264!/:?]
	at java.util.concurrent.CompletableFuture$AsyncSupply.run(Unknown Source) ~[?:?]
	at java.util.concurrent.CompletableFuture$AsyncSupply.exec(Unknown Source) ~[?:?]
	at java.util.concurrent.ForkJoinTask.doExec(Unknown Source) ~[?:?]
	at java.util.concurrent.ForkJoinPool$WorkQueue.topLevelExec(Unknown Source) ~[?:?]
	at java.util.concurrent.ForkJoinPool.scan(Unknown Source) ~[?:?]
	at java.util.concurrent.ForkJoinPool.runWorker(Unknown Source) ~[?:?]
	at java.util.concurrent.ForkJoinWorkerThread.run(Unknown Source) ~[?:?]
[02:20:04] [Worker-Main-11/ERROR]: Unable to parse metadata from cnpc_contentback:item/naturehui
com.google.gson.JsonParseException: com.google.gson.stream.MalformedJsonException: Use JsonReader.setLenient(true) to accept malformed JSON at line 11 column 6 path $.animation.frames[5]
	at net.minecraft.util.GsonHelper.m_13780_(GsonHelper.java:526) ~[client-1.20.1-20230612.114412-srg.jar%23264!/:?]
	at net.minecraft.util.GsonHelper.m_263475_(GsonHelper.java:531) ~[client-1.20.1-20230612.114412-srg.jar%23264!/:?]
	at net.minecraft.util.GsonHelper.m_13861_(GsonHelper.java:593) ~[client-1.20.1-20230612.114412-srg.jar%23264!/:?]
	at net.minecraft.util.GsonHelper.m_13859_(GsonHelper.java:601) ~[client-1.20.1-20230612.114412-srg.jar%23264!/:?]
	at net.minecraft.server.packs.resources.ResourceMetadata.m_215580_(ResourceMetadata.java:25) ~[client-1.20.1-20230612.114412-srg.jar%23264!/:?]
	at net.minecraft.server.packs.resources.FallbackResourceManager.m_246183_(FallbackResourceManager.java:227) ~[client-1.20.1-20230612.114412-srg.jar%23264!/:?]
	at net.minecraft.server.packs.resources.FallbackResourceManager.m_244902_(FallbackResourceManager.java:221) ~[client-1.20.1-20230612.114412-srg.jar%23264!/:?]
	at net.minecraft.server.packs.resources.Resource.m_215509_(Resource.java:55) ~[client-1.20.1-20230612.114412-srg.jar%23264!/:?]
	at net.minecraft.client.renderer.texture.SpriteLoader.m_245083_(SpriteLoader.java:131) ~[client-1.20.1-20230612.114412-srg.jar%23264!/:?]
	at net.minecraft.client.renderer.texture.atlas.SpriteSource$Output.m_261059_(SpriteSource.java:22) ~[client-1.20.1-20230612.114412-srg.jar%23264!/:?]
	at java.util.concurrent.CompletableFuture$AsyncSupply.run(Unknown Source) ~[?:?]
	at java.util.concurrent.CompletableFuture$AsyncSupply.exec(Unknown Source) ~[?:?]
	at java.util.concurrent.ForkJoinTask.doExec(Unknown Source) ~[?:?]
	at java.util.concurrent.ForkJoinPool$WorkQueue.topLevelExec(Unknown Source) ~[?:?]
	at java.util.concurrent.ForkJoinPool.scan(Unknown Source) ~[?:?]
	at java.util.concurrent.ForkJoinPool.runWorker(Unknown Source) ~[?:?]
	at java.util.concurrent.ForkJoinWorkerThread.run(Unknown Source) ~[?:?]
Caused by: com.google.gson.stream.MalformedJsonException: Use JsonReader.setLenient(true) to accept malformed JSON at line 11 column 6 path $.animation.frames[5]
	at com.google.gson.stream.JsonReader.syntaxError(JsonReader.java:1657) ~[gson-2.10.jar%23107!/:?]
	at com.google.gson.stream.JsonReader.checkLenient(JsonReader.java:1463) ~[gson-2.10.jar%23107!/:?]
	at com.google.gson.stream.JsonReader.doPeek(JsonReader.java:569) ~[gson-2.10.jar%23107!/:?]
	at com.google.gson.stream.JsonReader.hasNext(JsonReader.java:422) ~[gson-2.10.jar%23107!/:?]
	at com.google.gson.internal.bind.TypeAdapters$28.read(TypeAdapters.java:779) ~[gson-2.10.jar%23107!/:?]
	at com.google.gson.internal.bind.TypeAdapters$28.read(TypeAdapters.java:725) ~[gson-2.10.jar%23107!/:?]
	at com.google.gson.internal.bind.TypeAdapters$34$1.read(TypeAdapters.java:1007) ~[gson-2.10.jar%23107!/:?]
	at net.minecraft.util.GsonHelper.m_13780_(GsonHelper.java:524) ~[client-1.20.1-20230612.114412-srg.jar%23264!/:?]
	... 16 more
[02:20:04] [Worker-Main-1/WARN]: Texture pointblank:item/ammo68 with size 100x100 limits mip level from 4 to 2
[02:20:04] [Worker-Main-1/WARN]: Texture jujutsucrafts:block/cursedwombdeathpainting with size 450x450 limits mip level from 2 to 1
[02:20:04] [Worker-Main-1/WARN]: Texture jujutsucrafts:block/mythicalbeast with size 128x123 limits mip level from 1 to 0
[02:20:06] [Worker-Main-12/WARN]: Exception loading blockstate definition: 'yuushya:blockstates/audio_a_acacia_blindwall.json' missing model for variant: 'yuushya:audio_a_acacia_blindwall#facing=north,form=2,waterlogged=false'
[02:20:06] [Worker-Main-12/WARN]: Exception loading blockstate definition: 'yuushya:blockstates/audio_a_acacia_blindwall.json' missing model for variant: 'yuushya:audio_a_acacia_blindwall#facing=south,form=2,waterlogged=true'
[02:20:06] [Worker-Main-12/WARN]: Exception loading blockstate definition: 'yuushya:blockstates/audio_a_acacia_blindwall.json' missing model for variant: 'yuushya:audio_a_acacia_blindwall#facing=west,form=2,waterlogged=true'
[02:20:06] [Worker-Main-12/WARN]: Exception loading blockstate definition: 'yuushya:blockstates/audio_a_acacia_blindwall.json' missing model for variant: 'yuushya:audio_a_acacia_blindwall#facing=west,form=2,waterlogged=false'
[02:20:06] [Worker-Main-12/WARN]: Exception loading blockstate definition: 'yuushya:blockstates/audio_a_acacia_blindwall.json' missing model for variant: 'yuushya:audio_a_acacia_blindwall#facing=east,form=2,waterlogged=true'
[02:20:06] [Worker-Main-12/WARN]: Exception loading blockstate definition: 'yuushya:blockstates/audio_a_acacia_blindwall.json' missing model for variant: 'yuushya:audio_a_acacia_blindwall#facing=east,form=2,waterlogged=false'
[02:20:06] [Worker-Main-12/WARN]: Exception loading blockstate definition: 'yuushya:blockstates/audio_a_acacia_blindwall.json' missing model for variant: 'yuushya:audio_a_acacia_blindwall#facing=south,form=2,waterlogged=false'
[02:20:06] [Worker-Main-12/WARN]: Exception loading blockstate definition: 'yuushya:blockstates/audio_a_acacia_blindwall.json' missing model for variant: 'yuushya:audio_a_acacia_blindwall#facing=north,form=2,waterlogged=true'
[02:20:06] [Worker-Main-12/WARN]: Exception loading blockstate definition: 'yuushya:blockstates/audio_a_birch_blindwall.json' missing model for variant: 'yuushya:audio_a_birch_blindwall#facing=north,form=2,waterlogged=true'
[02:20:06] [Worker-Main-12/WARN]: Exception loading blockstate definition: 'yuushya:blockstates/audio_a_birch_blindwall.json' missing model for variant: 'yuushya:audio_a_birch_blindwall#facing=west,form=2,waterlogged=true'
[02:20:06] [Worker-Main-12/WARN]: Exception loading blockstate definition: 'yuushya:blockstates/audio_a_birch_blindwall.json' missing model for variant: 'yuushya:audio_a_birch_blindwall#facing=south,form=2,waterlogged=false'
[02:20:06] [Worker-Main-12/WARN]: Exception loading blockstate definition: 'yuushya:blockstates/audio_a_birch_blindwall.json' missing model for variant: 'yuushya:audio_a_birch_blindwall#facing=east,form=2,waterlogged=false'
[02:20:06] [Worker-Main-12/WARN]: Exception loading blockstate definition: 'yuushya:blockstates/audio_a_birch_blindwall.json' missing model for variant: 'yuushya:audio_a_birch_blindwall#facing=south,form=2,waterlogged=true'
[02:20:06] [Worker-Main-12/WARN]: Exception loading blockstate definition: 'yuushya:blockstates/audio_a_birch_blindwall.json' missing model for variant: 'yuushya:audio_a_birch_blindwall#facing=north,form=2,waterlogged=false'
[02:20:06] [Worker-Main-12/WARN]: Exception loading blockstate definition: 'yuushya:blockstates/audio_a_birch_blindwall.json' missing model for variant: 'yuushya:audio_a_birch_blindwall#facing=west,form=2,waterlogged=false'
[02:20:06] [Worker-Main-12/WARN]: Exception loading blockstate definition: 'yuushya:blockstates/audio_a_birch_blindwall.json' missing model for variant: 'yuushya:audio_a_birch_blindwall#facing=east,form=2,waterlogged=true'
[02:20:06] [Worker-Main-12/WARN]: Exception loading blockstate definition: 'yuushya:blockstates/audio_a_dark_oak_blindwall.json' missing model for variant: 'yuushya:audio_a_dark_oak_blindwall#facing=south,form=2,waterlogged=false'
[02:20:06] [Worker-Main-12/WARN]: Exception loading blockstate definition: 'yuushya:blockstates/audio_a_dark_oak_blindwall.json' missing model for variant: 'yuushya:audio_a_dark_oak_blindwall#facing=west,form=2,waterlogged=true'
[02:20:06] [Worker-Main-12/WARN]: Exception loading blockstate definition: 'yuushya:blockstates/audio_a_dark_oak_blindwall.json' missing model for variant: 'yuushya:audio_a_dark_oak_blindwall#facing=north,form=2,waterlogged=false'
[02:20:06] [Worker-Main-12/WARN]: Exception loading blockstate definition: 'yuushya:blockstates/audio_a_dark_oak_blindwall.json' missing model for variant: 'yuushya:audio_a_dark_oak_blindwall#facing=south,form=2,waterlogged=true'
[02:20:06] [Worker-Main-12/WARN]: Exception loading blockstate definition: 'yuushya:blockstates/audio_a_dark_oak_blindwall.json' missing model for variant: 'yuushya:audio_a_dark_oak_blindwall#facing=west,form=2,waterlogged=false'
[02:20:06] [Worker-Main-12/WARN]: Exception loading blockstate definition: 'yuushya:blockstates/audio_a_dark_oak_blindwall.json' missing model for variant: 'yuushya:audio_a_dark_oak_blindwall#facing=east,form=2,waterlogged=true'
[02:20:06] [Worker-Main-12/WARN]: Exception loading blockstate definition: 'yuushya:blockstates/audio_a_dark_oak_blindwall.json' missing model for variant: 'yuushya:audio_a_dark_oak_blindwall#facing=east,form=2,waterlogged=false'
[02:20:06] [Worker-Main-12/WARN]: Exception loading blockstate definition: 'yuushya:blockstates/audio_a_dark_oak_blindwall.json' missing model for variant: 'yuushya:audio_a_dark_oak_blindwall#facing=north,form=2,waterlogged=true'
[02:20:06] [Worker-Main-12/WARN]: Exception loading blockstate definition: 'yuushya:blockstates/audio_a_jungle_blindwall.json' missing model for variant: 'yuushya:audio_a_jungle_blindwall#facing=south,form=2,waterlogged=false'
[02:20:06] [Worker-Main-12/WARN]: Exception loading blockstate definition: 'yuushya:blockstates/audio_a_jungle_blindwall.json' missing model for variant: 'yuushya:audio_a_jungle_blindwall#facing=west,form=2,waterlogged=true'
[02:20:06] [Worker-Main-12/WARN]: Exception loading blockstate definition: 'yuushya:blockstates/audio_a_jungle_blindwall.json' missing model for variant: 'yuushya:audio_a_jungle_blindwall#facing=west,form=2,waterlogged=false'
[02:20:06] [Worker-Main-12/WARN]: Exception loading blockstate definition: 'yuushya:blockstates/audio_a_jungle_blindwall.json' missing model for variant: 'yuushya:audio_a_jungle_blindwall#facing=east,form=2,waterlogged=true'
[02:20:06] [Worker-Main-12/WARN]: Exception loading blockstate definition: 'yuushya:blockstates/audio_a_jungle_blindwall.json' missing model for variant: 'yuushya:audio_a_jungle_blindwall#facing=north,form=2,waterlogged=false'
[02:20:06] [Worker-Main-12/WARN]: Exception loading blockstate definition: 'yuushya:blockstates/audio_a_jungle_blindwall.json' missing model for variant: 'yuushya:audio_a_jungle_blindwall#facing=south,form=2,waterlogged=true'
[02:20:06] [Worker-Main-12/WARN]: Exception loading blockstate definition: 'yuushya:blockstates/audio_a_jungle_blindwall.json' missing model for variant: 'yuushya:audio_a_jungle_blindwall#facing=east,form=2,waterlogged=false'
[02:20:06] [Worker-Main-12/WARN]: Exception loading blockstate definition: 'yuushya:blockstates/audio_a_jungle_blindwall.json' missing model for variant: 'yuushya:audio_a_jungle_blindwall#facing=north,form=2,waterlogged=true'
[02:20:06] [Worker-Main-12/WARN]: Exception loading blockstate definition: 'yuushya:blockstates/audio_a_oak_blindwall.json' missing model for variant: 'yuushya:audio_a_oak_blindwall#facing=south,form=2,waterlogged=true'
[02:20:06] [Worker-Main-12/WARN]: Exception loading blockstate definition: 'yuushya:blockstates/audio_a_oak_blindwall.json' missing model for variant: 'yuushya:audio_a_oak_blindwall#facing=west,form=2,waterlogged=true'
[02:20:06] [Worker-Main-12/WARN]: Exception loading blockstate definition: 'yuushya:blockstates/audio_a_oak_blindwall.json' missing model for variant: 'yuushya:audio_a_oak_blindwall#facing=north,form=2,waterlogged=false'
[02:20:06] [Worker-Main-12/WARN]: Exception loading blockstate definition: 'yuushya:blockstates/audio_a_oak_blindwall.json' missing model for variant: 'yuushya:audio_a_oak_blindwall#facing=east,form=2,waterlogged=true'
[02:20:06] [Worker-Main-12/WARN]: Exception loading blockstate definition: 'yuushya:blockstates/audio_a_oak_blindwall.json' missing model for variant: 'yuushya:audio_a_oak_blindwall#facing=west,form=2,waterlogged=false'
[02:20:06] [Worker-Main-12/WARN]: Exception loading blockstate definition: 'yuushya:blockstates/audio_a_oak_blindwall.json' missing model for variant: 'yuushya:audio_a_oak_blindwall#facing=south,form=2,waterlogged=false'
[02:20:06] [Worker-Main-12/WARN]: Exception loading blockstate definition: 'yuushya:blockstates/audio_a_oak_blindwall.json' missing model for variant: 'yuushya:audio_a_oak_blindwall#facing=east,form=2,waterlogged=false'
[02:20:06] [Worker-Main-12/WARN]: Exception loading blockstate definition: 'yuushya:blockstates/audio_a_oak_blindwall.json' missing model for variant: 'yuushya:audio_a_oak_blindwall#facing=north,form=2,waterlogged=true'
[02:20:06] [Worker-Main-12/WARN]: Exception loading blockstate definition: 'yuushya:blockstates/audio_a_spruce_blindwall.json' missing model for variant: 'yuushya:audio_a_spruce_blindwall#facing=north,form=2,waterlogged=true'
[02:20:06] [Worker-Main-12/WARN]: Exception loading blockstate definition: 'yuushya:blockstates/audio_a_spruce_blindwall.json' missing model for variant: 'yuushya:audio_a_spruce_blindwall#facing=north,form=2,waterlogged=false'
[02:20:06] [Worker-Main-12/WARN]: Exception loading blockstate definition: 'yuushya:blockstates/audio_a_spruce_blindwall.json' missing model for variant: 'yuushya:audio_a_spruce_blindwall#facing=south,form=2,waterlogged=false'
[02:20:06] [Worker-Main-12/WARN]: Exception loading blockstate definition: 'yuushya:blockstates/audio_a_spruce_blindwall.json' missing model for variant: 'yuushya:audio_a_spruce_blindwall#facing=east,form=2,waterlogged=false'
[02:20:06] [Worker-Main-12/WARN]: Exception loading blockstate definition: 'yuushya:blockstates/audio_a_spruce_blindwall.json' missing model for variant: 'yuushya:audio_a_spruce_blindwall#facing=west,form=2,waterlogged=true'
[02:20:06] [Worker-Main-12/WARN]: Exception loading blockstate definition: 'yuushya:blockstates/audio_a_spruce_blindwall.json' missing model for variant: 'yuushya:audio_a_spruce_blindwall#facing=south,form=2,waterlogged=true'
[02:20:06] [Worker-Main-12/WARN]: Exception loading blockstate definition: 'yuushya:blockstates/audio_a_spruce_blindwall.json' missing model for variant: 'yuushya:audio_a_spruce_blindwall#facing=west,form=2,waterlogged=false'
[02:20:06] [Worker-Main-12/WARN]: Exception loading blockstate definition: 'yuushya:blockstates/audio_a_spruce_blindwall.json' missing model for variant: 'yuushya:audio_a_spruce_blindwall#facing=east,form=2,waterlogged=true'
[02:20:06] [Worker-Main-12/WARN]: Exception loading blockstate definition: 'yuushya:blockstates/audio_a_crimson_blindwall.json' missing model for variant: 'yuushya:audio_a_crimson_blindwall#facing=west,form=2,waterlogged=true'
[02:20:06] [Worker-Main-12/WARN]: Exception loading blockstate definition: 'yuushya:blockstates/audio_a_crimson_blindwall.json' missing model for variant: 'yuushya:audio_a_crimson_blindwall#facing=north,form=2,waterlogged=false'
[02:20:06] [Worker-Main-12/WARN]: Exception loading blockstate definition: 'yuushya:blockstates/audio_a_crimson_blindwall.json' missing model for variant: 'yuushya:audio_a_crimson_blindwall#facing=south,form=2,waterlogged=true'
[02:20:06] [Worker-Main-12/WARN]: Exception loading blockstate definition: 'yuushya:blockstates/audio_a_crimson_blindwall.json' missing model for variant: 'yuushya:audio_a_crimson_blindwall#facing=west,form=2,waterlogged=false'
[02:20:06] [Worker-Main-12/WARN]: Exception loading blockstate definition: 'yuushya:blockstates/audio_a_crimson_blindwall.json' missing model for variant: 'yuushya:audio_a_crimson_blindwall#facing=east,form=2,waterlogged=true'
[02:20:06] [Worker-Main-12/WARN]: Exception loading blockstate definition: 'yuushya:blockstates/audio_a_crimson_blindwall.json' missing model for variant: 'yuushya:audio_a_crimson_blindwall#facing=south,form=2,waterlogged=false'
[02:20:06] [Worker-Main-12/WARN]: Exception loading blockstate definition: 'yuushya:blockstates/audio_a_crimson_blindwall.json' missing model for variant: 'yuushya:audio_a_crimson_blindwall#facing=north,form=2,waterlogged=true'
[02:20:06] [Worker-Main-12/WARN]: Exception loading blockstate definition: 'yuushya:blockstates/audio_a_crimson_blindwall.json' missing model for variant: 'yuushya:audio_a_crimson_blindwall#facing=east,form=2,waterlogged=false'
[02:20:06] [Worker-Main-12/WARN]: Exception loading blockstate definition: 'yuushya:blockstates/audio_a_warped_blindwall.json' missing model for variant: 'yuushya:audio_a_warped_blindwall#facing=south,form=2,waterlogged=true'
[02:20:06] [Worker-Main-12/WARN]: Exception loading blockstate definition: 'yuushya:blockstates/audio_a_warped_blindwall.json' missing model for variant: 'yuushya:audio_a_warped_blindwall#facing=north,form=2,waterlogged=false'
[02:20:06] [Worker-Main-12/WARN]: Exception loading blockstate definition: 'yuushya:blockstates/audio_a_warped_blindwall.json' missing model for variant: 'yuushya:audio_a_warped_blindwall#facing=north,form=2,waterlogged=true'
[02:20:06] [Worker-Main-12/WARN]: Exception loading blockstate definition: 'yuushya:blockstates/audio_a_warped_blindwall.json' missing model for variant: 'yuushya:audio_a_warped_blindwall#facing=west,form=2,waterlogged=false'
[02:20:06] [Worker-Main-12/WARN]: Exception loading blockstate definition: 'yuushya:blockstates/audio_a_warped_blindwall.json' missing model for variant: 'yuushya:audio_a_warped_blindwall#facing=east,form=2,waterlogged=false'
[02:20:06] [Worker-Main-12/WARN]: Exception loading blockstate definition: 'yuushya:blockstates/audio_a_warped_blindwall.json' missing model for variant: 'yuushya:audio_a_warped_blindwall#facing=east,form=2,waterlogged=true'
[02:20:06] [Worker-Main-12/WARN]: Exception loading blockstate definition: 'yuushya:blockstates/audio_a_warped_blindwall.json' missing model for variant: 'yuushya:audio_a_warped_blindwall#facing=south,form=2,waterlogged=false'
[02:20:06] [Worker-Main-12/WARN]: Exception loading blockstate definition: 'yuushya:blockstates/audio_a_warped_blindwall.json' missing model for variant: 'yuushya:audio_a_warped_blindwall#facing=west,form=2,waterlogged=true'
[02:20:06] [Worker-Main-12/WARN]: Exception loading blockstate definition: 'yuushya:blockstates/audio_a_mangrove_blindwall.json' missing model for variant: 'yuushya:audio_a_mangrove_blindwall#facing=north,form=2,waterlogged=true'
[02:20:06] [Worker-Main-12/WARN]: Exception loading blockstate definition: 'yuushya:blockstates/audio_a_mangrove_blindwall.json' missing model for variant: 'yuushya:audio_a_mangrove_blindwall#facing=north,form=2,waterlogged=false'
[02:20:06] [Worker-Main-12/WARN]: Exception loading blockstate definition: 'yuushya:blockstates/audio_a_mangrove_blindwall.json' missing model for variant: 'yuushya:audio_a_mangrove_blindwall#facing=west,form=2,waterlogged=false'
[02:20:06] [Worker-Main-12/WARN]: Exception loading blockstate definition: 'yuushya:blockstates/audio_a_mangrove_blindwall.json' missing model for variant: 'yuushya:audio_a_mangrove_blindwall#facing=south,form=2,waterlogged=true'
[02:20:06] [Worker-Main-12/WARN]: Exception loading blockstate definition: 'yuushya:blockstates/audio_a_mangrove_blindwall.json' missing model for variant: 'yuushya:audio_a_mangrove_blindwall#facing=east,form=2,waterlogged=true'
[02:20:06] [Worker-Main-12/WARN]: Exception loading blockstate definition: 'yuushya:blockstates/audio_a_mangrove_blindwall.json' missing model for variant: 'yuushya:audio_a_mangrove_blindwall#facing=east,form=2,waterlogged=false'
[02:20:06] [Worker-Main-12/WARN]: Exception loading blockstate definition: 'yuushya:blockstates/audio_a_mangrove_blindwall.json' missing model for variant: 'yuushya:audio_a_mangrove_blindwall#facing=west,form=2,waterlogged=true'
[02:20:06] [Worker-Main-12/WARN]: Exception loading blockstate definition: 'yuushya:blockstates/audio_a_mangrove_blindwall.json' missing model for variant: 'yuushya:audio_a_mangrove_blindwall#facing=south,form=2,waterlogged=false'
[02:20:06] [Worker-Main-12/WARN]: Exception loading blockstate definition: 'yuushya:blockstates/audio_a_bamboo_blindwall.json' missing model for variant: 'yuushya:audio_a_bamboo_blindwall#facing=east,form=2,waterlogged=true'
[02:20:06] [Worker-Main-12/WARN]: Exception loading blockstate definition: 'yuushya:blockstates/audio_a_bamboo_blindwall.json' missing model for variant: 'yuushya:audio_a_bamboo_blindwall#facing=south,form=2,waterlogged=true'
[02:20:06] [Worker-Main-12/WARN]: Exception loading blockstate definition: 'yuushya:blockstates/audio_a_bamboo_blindwall.json' missing model for variant: 'yuushya:audio_a_bamboo_blindwall#facing=west,form=2,waterlogged=false'
[02:20:06] [Worker-Main-12/WARN]: Exception loading blockstate definition: 'yuushya:blockstates/audio_a_bamboo_blindwall.json' missing model for variant: 'yuushya:audio_a_bamboo_blindwall#facing=west,form=2,waterlogged=true'
[02:20:06] [Worker-Main-12/WARN]: Exception loading blockstate definition: 'yuushya:blockstates/audio_a_bamboo_blindwall.json' missing model for variant: 'yuushya:audio_a_bamboo_blindwall#facing=north,form=2,waterlogged=false'
[02:20:06] [Worker-Main-12/WARN]: Exception loading blockstate definition: 'yuushya:blockstates/audio_a_bamboo_blindwall.json' missing model for variant: 'yuushya:audio_a_bamboo_blindwall#facing=north,form=2,waterlogged=true'
[02:20:06] [Worker-Main-12/WARN]: Exception loading blockstate definition: 'yuushya:blockstates/audio_a_bamboo_blindwall.json' missing model for variant: 'yuushya:audio_a_bamboo_blindwall#facing=south,form=2,waterlogged=false'
[02:20:06] [Worker-Main-12/WARN]: Exception loading blockstate definition: 'yuushya:blockstates/audio_a_bamboo_blindwall.json' missing model for variant: 'yuushya:audio_a_bamboo_blindwall#facing=east,form=2,waterlogged=false'
[02:20:06] [Worker-Main-12/WARN]: Exception loading blockstate definition: 'yuushya:blockstates/audio_a_cherry_blindwall.json' missing model for variant: 'yuushya:audio_a_cherry_blindwall#facing=east,form=2,waterlogged=false'
[02:20:06] [Worker-Main-12/WARN]: Exception loading blockstate definition: 'yuushya:blockstates/audio_a_cherry_blindwall.json' missing model for variant: 'yuushya:audio_a_cherry_blindwall#facing=north,form=2,waterlogged=false'
[02:20:06] [Worker-Main-12/WARN]: Exception loading blockstate definition: 'yuushya:blockstates/audio_a_cherry_blindwall.json' missing model for variant: 'yuushya:audio_a_cherry_blindwall#facing=south,form=2,waterlogged=true'
[02:20:06] [Worker-Main-12/WARN]: Exception loading blockstate definition: 'yuushya:blockstates/audio_a_cherry_blindwall.json' missing model for variant: 'yuushya:audio_a_cherry_blindwall#facing=west,form=2,waterlogged=false'
[02:20:06] [Worker-Main-12/WARN]: Exception loading blockstate definition: 'yuushya:blockstates/audio_a_cherry_blindwall.json' missing model for variant: 'yuushya:audio_a_cherry_blindwall#facing=east,form=2,waterlogged=true'
[02:20:06] [Worker-Main-12/WARN]: Exception loading blockstate definition: 'yuushya:blockstates/audio_a_cherry_blindwall.json' missing model for variant: 'yuushya:audio_a_cherry_blindwall#facing=south,form=2,waterlogged=false'
[02:20:06] [Worker-Main-12/WARN]: Exception loading blockstate definition: 'yuushya:blockstates/audio_a_cherry_blindwall.json' missing model for variant: 'yuushya:audio_a_cherry_blindwall#facing=west,form=2,waterlogged=true'
[02:20:06] [Worker-Main-12/WARN]: Exception loading blockstate definition: 'yuushya:blockstates/audio_a_cherry_blindwall.json' missing model for variant: 'yuushya:audio_a_cherry_blindwall#facing=north,form=2,waterlogged=true'
[02:20:06] [Worker-Main-12/WARN]: Exception loading blockstate definition: 'yuushya:blockstates/audio_a_black_blindwall.json' missing model for variant: 'yuushya:audio_a_black_blindwall#facing=east,form=2,waterlogged=false'
[02:20:06] [Worker-Main-12/WARN]: Exception loading blockstate definition: 'yuushya:blockstates/audio_a_black_blindwall.json' missing model for variant: 'yuushya:audio_a_black_blindwall#facing=north,form=2,waterlogged=true'
[02:20:06] [Worker-Main-12/WARN]: Exception loading blockstate definition: 'yuushya:blockstates/audio_a_black_blindwall.json' missing model for variant: 'yuushya:audio_a_black_blindwall#facing=east,form=2,waterlogged=true'
[02:20:06] [Worker-Main-12/WARN]: Exception loading blockstate definition: 'yuushya:blockstates/audio_a_black_blindwall.json' missing model for variant: 'yuushya:audio_a_black_blindwall#facing=south,form=2,waterlogged=false'
[02:20:06] [Worker-Main-12/WARN]: Exception loading blockstate definition: 'yuushya:blockstates/audio_a_black_blindwall.json' missing model for variant: 'yuushya:audio_a_black_blindwall#facing=west,form=2,waterlogged=true'
[02:20:06] [Worker-Main-12/WARN]: Exception loading blockstate definition: 'yuushya:blockstates/audio_a_black_blindwall.json' missing model for variant: 'yuushya:audio_a_black_blindwall#facing=south,form=2,waterlogged=true'
[02:20:06] [Worker-Main-12/WARN]: Exception loading blockstate definition: 'yuushya:blockstates/audio_a_black_blindwall.json' missing model for variant: 'yuushya:audio_a_black_blindwall#facing=west,form=2,waterlogged=false'
[02:20:06] [Worker-Main-12/WARN]: Exception loading blockstate definition: 'yuushya:blockstates/audio_a_black_blindwall.json' missing model for variant: 'yuushya:audio_a_black_blindwall#facing=north,form=2,waterlogged=false'
[02:20:06] [Worker-Main-12/WARN]: Exception loading blockstate definition: 'yuushya:blockstates/audio_a_blue_blindwall.json' missing model for variant: 'yuushya:audio_a_blue_blindwall#facing=south,form=2,waterlogged=false'
[02:20:06] [Worker-Main-12/WARN]: Exception loading blockstate definition: 'yuushya:blockstates/audio_a_blue_blindwall.json' missing model for variant: 'yuushya:audio_a_blue_blindwall#facing=west,form=2,waterlogged=true'
[02:20:06] [Worker-Main-12/WARN]: Exception loading blockstate definition: 'yuushya:blockstates/audio_a_blue_blindwall.json' missing model for variant: 'yuushya:audio_a_blue_blindwall#facing=south,form=2,waterlogged=true'
[02:20:06] [Worker-Main-12/WARN]: Exception loading blockstate definition: 'yuushya:blockstates/audio_a_blue_blindwall.json' missing model for variant: 'yuushya:audio_a_blue_blindwall#facing=west,form=2,waterlogged=false'
[02:20:06] [Worker-Main-12/WARN]: Exception loading blockstate definition: 'yuushya:blockstates/audio_a_blue_blindwall.json' missing model for variant: 'yuushya:audio_a_blue_blindwall#facing=east,form=2,waterlogged=true'
[02:20:06] [Worker-Main-12/WARN]: Exception loading blockstate definition: 'yuushya:blockstates/audio_a_blue_blindwall.json' missing model for variant: 'yuushya:audio_a_blue_blindwall#facing=north,form=2,waterlogged=true'
[02:20:06] [Worker-Main-12/WARN]: Exception loading blockstate definition: 'yuushya:blockstates/audio_a_blue_blindwall.json' missing model for variant: 'yuushya:audio_a_blue_blindwall#facing=east,form=2,waterlogged=false'
[02:20:06] [Worker-Main-12/WARN]: Exception loading blockstate definition: 'yuushya:blockstates/audio_a_blue_blindwall.json' missing model for variant: 'yuushya:audio_a_blue_blindwall#facing=north,form=2,waterlogged=false'
[02:20:06] [Worker-Main-12/WARN]: Exception loading blockstate definition: 'yuushya:blockstates/audio_a_brown_blindwall.json' missing model for variant: 'yuushya:audio_a_brown_blindwall#facing=south,form=2,waterlogged=false'
[02:20:06] [Worker-Main-12/WARN]: Exception loading blockstate definition: 'yuushya:blockstates/audio_a_brown_blindwall.json' missing model for variant: 'yuushya:audio_a_brown_blindwall#facing=south,form=2,waterlogged=true'
[02:20:06] [Worker-Main-12/WARN]: Exception loading blockstate definition: 'yuushya:blockstates/audio_a_brown_blindwall.json' missing model for variant: 'yuushya:audio_a_brown_blindwall#facing=west,form=2,waterlogged=true'
[02:20:06] [Worker-Main-12/WARN]: Exception loading blockstate definition: 'yuushya:blockstates/audio_a_brown_blindwall.json' missing model for variant: 'yuushya:audio_a_brown_blindwall#facing=north,form=2,waterlogged=true'
[02:20:06] [Worker-Main-12/WARN]: Exception loading blockstate definition: 'yuushya:blockstates/audio_a_brown_blindwall.json' missing model for variant: 'yuushya:audio_a_brown_blindwall#facing=east,form=2,waterlogged=false'
[02:20:06] [Worker-Main-12/WARN]: Exception loading blockstate definition: 'yuushya:blockstates/audio_a_brown_blindwall.json' missing model for variant: 'yuushya:audio_a_brown_blindwall#facing=west,form=2,waterlogged=false'
[02:20:06] [Worker-Main-12/WARN]: Exception loading blockstate definition: 'yuushya:blockstates/audio_a_brown_blindwall.json' missing model for variant: 'yuushya:audio_a_brown_blindwall#facing=east,form=2,waterlogged=true'
[02:20:06] [Worker-Main-12/WARN]: Exception loading blockstate definition: 'yuushya:blockstates/audio_a_brown_blindwall.json' missing model for variant: 'yuushya:audio_a_brown_blindwall#facing=north,form=2,waterlogged=false'
[02:20:06] [Worker-Main-12/WARN]: Exception loading blockstate definition: 'yuushya:blockstates/audio_a_cyan_blindwall.json' missing model for variant: 'yuushya:audio_a_cyan_blindwall#facing=east,form=2,waterlogged=true'
[02:20:06] [Worker-Main-12/WARN]: Exception loading blockstate definition: 'yuushya:blockstates/audio_a_cyan_blindwall.json' missing model for variant: 'yuushya:audio_a_cyan_blindwall#facing=west,form=2,waterlogged=false'
[02:20:06] [Worker-Main-12/WARN]: Exception loading blockstate definition: 'yuushya:blockstates/audio_a_cyan_blindwall.json' missing model for variant: 'yuushya:audio_a_cyan_blindwall#facing=south,form=2,waterlogged=true'
[02:20:06] [Worker-Main-12/WARN]: Exception loading blockstate definition: 'yuushya:blockstates/audio_a_cyan_blindwall.json' missing model for variant: 'yuushya:audio_a_cyan_blindwall#facing=north,form=2,waterlogged=false'
[02:20:06] [Worker-Main-12/WARN]: Exception loading blockstate definition: 'yuushya:blockstates/audio_a_cyan_blindwall.json' missing model for variant: 'yuushya:audio_a_cyan_blindwall#facing=west,form=2,waterlogged=true'
[02:20:06] [Worker-Main-12/WARN]: Exception loading blockstate definition: 'yuushya:blockstates/audio_a_cyan_blindwall.json' missing model for variant: 'yuushya:audio_a_cyan_blindwall#facing=east,form=2,waterlogged=false'
[02:20:06] [Worker-Main-12/WARN]: Exception loading blockstate definition: 'yuushya:blockstates/audio_a_cyan_blindwall.json' missing model for variant: 'yuushya:audio_a_cyan_blindwall#facing=north,form=2,waterlogged=true'
[02:20:06] [Worker-Main-12/WARN]: Exception loading blockstate definition: 'yuushya:blockstates/audio_a_cyan_blindwall.json' missing model for variant: 'yuushya:audio_a_cyan_blindwall#facing=south,form=2,waterlogged=false'
[02:20:06] [Worker-Main-12/WARN]: Exception loading blockstate definition: 'yuushya:blockstates/audio_a_gray_blindwall.json' missing model for variant: 'yuushya:audio_a_gray_blindwall#facing=west,form=2,waterlogged=false'
[02:20:06] [Worker-Main-12/WARN]: Exception loading blockstate definition: 'yuushya:blockstates/audio_a_gray_blindwall.json' missing model for variant: 'yuushya:audio_a_gray_blindwall#facing=east,form=2,waterlogged=true'
[02:20:06] [Worker-Main-12/WARN]: Exception loading blockstate definition: 'yuushya:blockstates/audio_a_gray_blindwall.json' missing model for variant: 'yuushya:audio_a_gray_blindwall#facing=south,form=2,waterlogged=true'
[02:20:06] [Worker-Main-12/WARN]: Exception loading blockstate definition: 'yuushya:blockstates/audio_a_gray_blindwall.json' missing model for variant: 'yuushya:audio_a_gray_blindwall#facing=north,form=2,waterlogged=false'
[02:20:06] [Worker-Main-12/WARN]: Exception loading blockstate definition: 'yuushya:blockstates/audio_a_gray_blindwall.json' missing model for variant: 'yuushya:audio_a_gray_blindwall#facing=west,form=2,waterlogged=true'
[02:20:06] [Worker-Main-12/WARN]: Exception loading blockstate definition: 'yuushya:blockstates/audio_a_gray_blindwall.json' missing model for variant: 'yuushya:audio_a_gray_blindwall#facing=east,form=2,waterlogged=false'
[02:20:06] [Worker-Main-12/WARN]: Exception loading blockstate definition: 'yuushya:blockstates/audio_a_gray_blindwall.json' missing model for variant: 'yuushya:audio_a_gray_blindwall#facing=south,form=2,waterlogged=false'
[02:20:06] [Worker-Main-12/WARN]: Exception loading blockstate definition: 'yuushya:blockstates/audio_a_gray_blindwall.json' missing model for variant: 'yuushya:audio_a_gray_blindwall#facing=north,form=2,waterlogged=true'
[02:20:06] [Worker-Main-12/WARN]: Exception loading blockstate definition: 'yuushya:blockstates/audio_a_green_blindwall.json' missing model for variant: 'yuushya:audio_a_green_blindwall#facing=east,form=2,waterlogged=true'
[02:20:06] [Worker-Main-12/WARN]: Exception loading blockstate definition: 'yuushya:blockstates/audio_a_green_blindwall.json' missing model for variant: 'yuushya:audio_a_green_blindwall#facing=south,form=2,waterlogged=false'
[02:20:06] [Worker-Main-12/WARN]: Exception loading blockstate definition: 'yuushya:blockstates/audio_a_green_blindwall.json' missing model for variant: 'yuushya:audio_a_green_blindwall#facing=west,form=2,waterlogged=true'
[02:20:06] [Worker-Main-12/WARN]: Exception loading blockstate definition: 'yuushya:blockstates/audio_a_green_blindwall.json' missing model for variant: 'yuushya:audio_a_green_blindwall#facing=west,form=2,waterlogged=false'
[02:20:06] [Worker-Main-12/WARN]: Exception loading blockstate definition: 'yuushya:blockstates/audio_a_green_blindwall.json' missing model for variant: 'yuushya:audio_a_green_blindwall#facing=north,form=2,waterlogged=false'
[02:20:06] [Worker-Main-12/WARN]: Exception loading blockstate definition: 'yuushya:blockstates/audio_a_green_blindwall.json' missing model for variant: 'yuushya:audio_a_green_blindwall#facing=north,form=2,waterlogged=true'
[02:20:06] [Worker-Main-12/WARN]: Exception loading blockstate definition: 'yuushya:blockstates/audio_a_green_blindwall.json' missing model for variant: 'yuushya:audio_a_green_blindwall#facing=south,form=2,waterlogged=true'
[02:20:06] [Worker-Main-12/WARN]: Exception loading blockstate definition: 'yuushya:blockstates/audio_a_green_blindwall.json' missing model for variant: 'yuushya:audio_a_green_blindwall#facing=east,form=2,waterlogged=false'
[02:20:06] [Worker-Main-12/WARN]: Exception loading blockstate definition: 'yuushya:blockstates/audio_a_light_blue_blindwall.json' missing model for variant: 'yuushya:audio_a_light_blue_blindwall#facing=west,form=2,waterlogged=false'
[02:20:06] [Worker-Main-12/WARN]: Exception loading blockstate definition: 'yuushya:blockstates/audio_a_light_blue_blindwall.json' missing model for variant: 'yuushya:audio_a_light_blue_blindwall#facing=west,form=2,waterlogged=true'
[02:20:06] [Worker-Main-12/WARN]: Exception loading blockstate definition: 'yuushya:blockstates/audio_a_light_blue_blindwall.json' missing model for variant: 'yuushya:audio_a_light_blue_blindwall#facing=north,form=2,waterlogged=false'
[02:20:06] [Worker-Main-12/WARN]: Exception loading blockstate definition: 'yuushya:blockstates/audio_a_light_blue_blindwall.json' missing model for variant: 'yuushya:audio_a_light_blue_blindwall#facing=north,form=2,waterlogged=true'
[02:20:06] [Worker-Main-12/WARN]: Exception loading blockstate definition: 'yuushya:blockstates/audio_a_light_blue_blindwall.json' missing model for variant: 'yuushya:audio_a_light_blue_blindwall#facing=south,form=2,waterlogged=false'
[02:20:06] [Worker-Main-12/WARN]: Exception loading blockstate definition: 'yuushya:blockstates/audio_a_light_blue_blindwall.json' missing model for variant: 'yuushya:audio_a_light_blue_blindwall#facing=east,form=2,waterlogged=false'
[02:20:06] [Worker-Main-12/WARN]: Exception loading blockstate definition: 'yuushya:blockstates/audio_a_light_blue_blindwall.json' missing model for variant: 'yuushya:audio_a_light_blue_blindwall#facing=east,form=2,waterlogged=true'
[02:20:06] [Worker-Main-12/WARN]: Exception loading blockstate definition: 'yuushya:blockstates/audio_a_light_blue_blindwall.json' missing model for variant: 'yuushya:audio_a_light_blue_blindwall#facing=south,form=2,waterlogged=true'
[02:20:06] [Worker-Main-12/WARN]: Exception loading blockstate definition: 'yuushya:blockstates/audio_a_light_gray_blindwall.json' missing model for variant: 'yuushya:audio_a_light_gray_blindwall#facing=east,form=2,waterlogged=true'
[02:20:06] [Worker-Main-12/WARN]: Exception loading blockstate definition: 'yuushya:blockstates/audio_a_light_gray_blindwall.json' missing model for variant: 'yuushya:audio_a_light_gray_blindwall#facing=south,form=2,waterlogged=false'
[02:20:06] [Worker-Main-12/WARN]: Exception loading blockstate definition: 'yuushya:blockstates/audio_a_light_gray_blindwall.json' missing model for variant: 'yuushya:audio_a_light_gray_blindwall#facing=east,form=2,waterlogged=false'
[02:20:06] [Worker-Main-12/WARN]: Exception loading blockstate definition: 'yuushya:blockstates/audio_a_light_gray_blindwall.json' missing model for variant: 'yuushya:audio_a_light_gray_blindwall#facing=north,form=2,waterlogged=true'
[02:20:06] [Worker-Main-12/WARN]: Exception loading blockstate definition: 'yuushya:blockstates/audio_a_light_gray_blindwall.json' missing model for variant: 'yuushya:audio_a_light_gray_blindwall#facing=south,form=2,waterlogged=true'
[02:20:06] [Worker-Main-12/WARN]: Exception loading blockstate definition: 'yuushya:blockstates/audio_a_light_gray_blindwall.json' missing model for variant: 'yuushya:audio_a_light_gray_blindwall#facing=west,form=2,waterlogged=true'
[02:20:06] [Worker-Main-12/WARN]: Exception loading blockstate definition: 'yuushya:blockstates/audio_a_light_gray_blindwall.json' missing model for variant: 'yuushya:audio_a_light_gray_blindwall#facing=west,form=2,waterlogged=false'
[02:20:06] [Worker-Main-12/WARN]: Exception loading blockstate definition: 'yuushya:blockstates/audio_a_light_gray_blindwall.json' missing model for variant: 'yuushya:audio_a_light_gray_blindwall#facing=north,form=2,waterlogged=false'
[02:20:06] [Worker-Main-12/WARN]: Exception loading blockstate definition: 'yuushya:blockstates/audio_a_lime_blindwall.json' missing model for variant: 'yuushya:audio_a_lime_blindwall#facing=south,form=2,waterlogged=true'
[02:20:06] [Worker-Main-12/WARN]: Exception loading blockstate definition: 'yuushya:blockstates/audio_a_lime_blindwall.json' missing model for variant: 'yuushya:audio_a_lime_blindwall#facing=north,form=2,waterlogged=false'
[02:20:06] [Worker-Main-12/WARN]: Exception loading blockstate definition: 'yuushya:blockstates/audio_a_lime_blindwall.json' missing model for variant: 'yuushya:audio_a_lime_blindwall#facing=west,form=2,waterlogged=true'
[02:20:06] [Worker-Main-12/WARN]: Exception loading blockstate definition: 'yuushya:blockstates/audio_a_lime_blindwall.json' missing model for variant: 'yuushya:audio_a_lime_blindwall#facing=south,form=2,waterlogged=false'
[02:20:06] [Worker-Main-12/WARN]: Exception loading blockstate definition: 'yuushya:blockstates/audio_a_lime_blindwall.json' missing model for variant: 'yuushya:audio_a_lime_blindwall#facing=north,form=2,waterlogged=true'
[02:20:06] [Worker-Main-12/WARN]: Exception loading blockstate definition: 'yuushya:blockstates/audio_a_lime_blindwall.json' missing model for variant: 'yuushya:audio_a_lime_blindwall#facing=east,form=2,waterlogged=false'
[02:20:06] [Worker-Main-12/WARN]: Exception loading blockstate definition: 'yuushya:blockstates/audio_a_lime_blindwall.json' missing model for variant: 'yuushya:audio_a_lime_blindwall#facing=west,form=2,waterlogged=false'
[02:20:06] [Worker-Main-12/WARN]: Exception loading blockstate definition: 'yuushya:blockstates/audio_a_lime_blindwall.json' missing model for variant: 'yuushya:audio_a_lime_blindwall#facing=east,form=2,waterlogged=true'
[02:20:06] [Worker-Main-12/WARN]: Exception loading blockstate definition: 'yuushya:blockstates/audio_a_magenta_blindwall.json' missing model for variant: 'yuushya:audio_a_magenta_blindwall#facing=east,form=2,waterlogged=false'
[02:20:06] [Worker-Main-12/WARN]: Exception loading blockstate definition: 'yuushya:blockstates/audio_a_magenta_blindwall.json' missing model for variant: 'yuushya:audio_a_magenta_blindwall#facing=north,form=2,waterlogged=true'
[02:20:06] [Worker-Main-12/WARN]: Exception loading blockstate definition: 'yuushya:blockstates/audio_a_magenta_blindwall.json' missing model for variant: 'yuushya:audio_a_magenta_blindwall#facing=west,form=2,waterlogged=true'
[02:20:06] [Worker-Main-12/WARN]: Exception loading blockstate definition: 'yuushya:blockstates/audio_a_magenta_blindwall.json' missing model for variant: 'yuushya:audio_a_magenta_blindwall#facing=south,form=2,waterlogged=false'
[02:20:06] [Worker-Main-12/WARN]: Exception loading blockstate definition: 'yuushya:blockstates/audio_a_magenta_blindwall.json' missing model for variant: 'yuushya:audio_a_magenta_blindwall#facing=north,form=2,waterlogged=false'
[02:20:06] [Worker-Main-12/WARN]: Exception loading blockstate definition: 'yuushya:blockstates/audio_a_magenta_blindwall.json' missing model for variant: 'yuushya:audio_a_magenta_blindwall#facing=east,form=2,waterlogged=true'
[02:20:06] [Worker-Main-12/WARN]: Exception loading blockstate definition: 'yuushya:blockstates/audio_a_magenta_blindwall.json' missing model for variant: 'yuushya:audio_a_magenta_blindwall#facing=west,form=2,waterlogged=false'
[02:20:06] [Worker-Main-12/WARN]: Exception loading blockstate definition: 'yuushya:blockstates/audio_a_magenta_blindwall.json' missing model for variant: 'yuushya:audio_a_magenta_blindwall#facing=south,form=2,waterlogged=true'
[02:20:06] [Worker-Main-12/WARN]: Exception loading blockstate definition: 'yuushya:blockstates/audio_a_orange_blindwall.json' missing model for variant: 'yuushya:audio_a_orange_blindwall#facing=east,form=2,waterlogged=false'
[02:20:06] [Worker-Main-12/WARN]: Exception loading blockstate definition: 'yuushya:blockstates/audio_a_orange_blindwall.json' missing model for variant: 'yuushya:audio_a_orange_blindwall#facing=north,form=2,waterlogged=true'
[02:20:06] [Worker-Main-12/WARN]: Exception loading blockstate definition: 'yuushya:blockstates/audio_a_orange_blindwall.json' missing model for variant: 'yuushya:audio_a_orange_blindwall#facing=north,form=2,waterlogged=false'
[02:20:06] [Worker-Main-12/WARN]: Exception loading blockstate definition: 'yuushya:blockstates/audio_a_orange_blindwall.json' missing model for variant: 'yuushya:audio_a_orange_blindwall#facing=west,form=2,waterlogged=false'
[02:20:06] [Worker-Main-12/WARN]: Exception loading blockstate definition: 'yuushya:blockstates/audio_a_orange_blindwall.json' missing model for variant: 'yuushya:audio_a_orange_blindwall#facing=south,form=2,waterlogged=true'
[02:20:06] [Worker-Main-12/WARN]: Exception loading blockstate definition: 'yuushya:blockstates/audio_a_orange_blindwall.json' missing model for variant: 'yuushya:audio_a_orange_blindwall#facing=south,form=2,waterlogged=false'
[02:20:06] [Worker-Main-12/WARN]: Exception loading blockstate definition: 'yuushya:blockstates/audio_a_orange_blindwall.json' missing model for variant: 'yuushya:audio_a_orange_blindwall#facing=west,form=2,waterlogged=true'
[02:20:06] [Worker-Main-12/WARN]: Exception loading blockstate definition: 'yuushya:blockstates/audio_a_orange_blindwall.json' missing model for variant: 'yuushya:audio_a_orange_blindwall#facing=east,form=2,waterlogged=true'
[02:20:06] [Worker-Main-12/WARN]: Exception loading blockstate definition: 'yuushya:blockstates/audio_a_pink_blindwall.json' missing model for variant: 'yuushya:audio_a_pink_blindwall#facing=north,form=2,waterlogged=true'
[02:20:06] [Worker-Main-12/WARN]: Exception loading blockstate definition: 'yuushya:blockstates/audio_a_pink_blindwall.json' missing model for variant: 'yuushya:audio_a_pink_blindwall#facing=north,form=2,waterlogged=false'
[02:20:06] [Worker-Main-12/WARN]: Exception loading blockstate definition: 'yuushya:blockstates/audio_a_pink_blindwall.json' missing model for variant: 'yuushya:audio_a_pink_blindwall#facing=south,form=2,waterlogged=true'
[02:20:06] [Worker-Main-12/WARN]: Exception loading blockstate definition: 'yuushya:blockstates/audio_a_pink_blindwall.json' missing model for variant: 'yuushya:audio_a_pink_blindwall#facing=west,form=2,waterlogged=false'
[02:20:06] [Worker-Main-12/WARN]: Exception loading blockstate definition: 'yuushya:blockstates/audio_a_pink_blindwall.json' missing model for variant: 'yuushya:audio_a_pink_blindwall#facing=east,form=2,waterlogged=false'
[02:20:06] [Worker-Main-12/WARN]: Exception loading blockstate definition: 'yuushya:blockstates/audio_a_pink_blindwall.json' missing model for variant: 'yuushya:audio_a_pink_blindwall#facing=east,form=2,waterlogged=true'
[02:20:06] [Worker-Main-12/WARN]: Exception loading blockstate definition: 'yuushya:blockstates/audio_a_pink_blindwall.json' missing model for variant: 'yuushya:audio_a_pink_blindwall#facing=south,form=2,waterlogged=false'
[02:20:06] [Worker-Main-12/WARN]: Exception loading blockstate definition: 'yuushya:blockstates/audio_a_pink_blindwall.json' missing model for variant: 'yuushya:audio_a_pink_blindwall#facing=west,form=2,waterlogged=true'
[02:20:06] [Worker-Main-12/WARN]: Exception loading blockstate definition: 'yuushya:blockstates/audio_a_purple_blindwall.json' missing model for variant: 'yuushya:audio_a_purple_blindwall#facing=north,form=2,waterlogged=true'
[02:20:06] [Worker-Main-12/WARN]: Exception loading blockstate definition: 'yuushya:blockstates/audio_a_purple_blindwall.json' missing model for variant: 'yuushya:audio_a_purple_blindwall#facing=east,form=2,waterlogged=false'
[02:20:06] [Worker-Main-12/WARN]: Exception loading blockstate definition: 'yuushya:blockstates/audio_a_purple_blindwall.json' missing model for variant: 'yuushya:audio_a_purple_blindwall#facing=west,form=2,waterlogged=false'
[02:20:06] [Worker-Main-12/WARN]: Exception loading blockstate definition: 'yuushya:blockstates/audio_a_purple_blindwall.json' missing model for variant: 'yuushya:audio_a_purple_blindwall#facing=west,form=2,waterlogged=true'
[02:20:06] [Worker-Main-12/WARN]: Exception loading blockstate definition: 'yuushya:blockstates/audio_a_purple_blindwall.json' missing model for variant: 'yuushya:audio_a_purple_blindwall#facing=north,form=2,waterlogged=false'
[02:20:06] [Worker-Main-12/WARN]: Exception loading blockstate definition: 'yuushya:blockstates/audio_a_purple_blindwall.json' missing model for variant: 'yuushya:audio_a_purple_blindwall#facing=east,form=2,waterlogged=true'
[02:20:06] [Worker-Main-12/WARN]: Exception loading blockstate definition: 'yuushya:blockstates/audio_a_purple_blindwall.json' missing model for variant: 'yuushya:audio_a_purple_blindwall#facing=south,form=2,waterlogged=false'
[02:20:06] [Worker-Main-12/WARN]: Exception loading blockstate definition: 'yuushya:blockstates/audio_a_purple_blindwall.json' missing model for variant: 'yuushya:audio_a_purple_blindwall#facing=south,form=2,waterlogged=true'
[02:20:06] [Worker-Main-12/WARN]: Exception loading blockstate definition: 'yuushya:blockstates/audio_a_red_blindwall.json' missing model for variant: 'yuushya:audio_a_red_blindwall#facing=north,form=2,waterlogged=false'
[02:20:06] [Worker-Main-12/WARN]: Exception loading blockstate definition: 'yuushya:blockstates/audio_a_red_blindwall.json' missing model for variant: 'yuushya:audio_a_red_blindwall#facing=south,form=2,waterlogged=true'
[02:20:06] [Worker-Main-12/WARN]: Exception loading blockstate definition: 'yuushya:blockstates/audio_a_red_blindwall.json' missing model for variant: 'yuushya:audio_a_red_blindwall#facing=west,form=2,waterlogged=true'
[02:20:06] [Worker-Main-12/WARN]: Exception loading blockstate definition: 'yuushya:blockstates/audio_a_red_blindwall.json' missing model for variant: 'yuushya:audio_a_red_blindwall#facing=south,form=2,waterlogged=false'
[02:20:06] [Worker-Main-12/WARN]: Exception loading blockstate definition: 'yuushya:blockstates/audio_a_red_blindwall.json' missing model for variant: 'yuushya:audio_a_red_blindwall#facing=north,form=2,waterlogged=true'
[02:20:06] [Worker-Main-12/WARN]: Exception loading blockstate definition: 'yuushya:blockstates/audio_a_red_blindwall.json' missing model for variant: 'yuushya:audio_a_red_blindwall#facing=east,form=2,waterlogged=false'
[02:20:06] [Worker-Main-12/WARN]: Exception loading blockstate definition: 'yuushya:blockstates/audio_a_red_blindwall.json' missing model for variant: 'yuushya:audio_a_red_blindwall#facing=west,form=2,waterlogged=false'
[02:20:06] [Worker-Main-12/WARN]: Exception loading blockstate definition: 'yuushya:blockstates/audio_a_red_blindwall.json' missing model for variant: 'yuushya:audio_a_red_blindwall#facing=east,form=2,waterlogged=true'
[02:20:06] [Worker-Main-12/WARN]: Exception loading blockstate definition: 'yuushya:blockstates/audio_a_white_blindwall.json' missing model for variant: 'yuushya:audio_a_white_blindwall#facing=west,form=2,waterlogged=false'
[02:20:06] [Worker-Main-12/WARN]: Exception loading blockstate definition: 'yuushya:blockstates/audio_a_white_blindwall.json' missing model for variant: 'yuushya:audio_a_white_blindwall#facing=west,form=2,waterlogged=true'
[02:20:06] [Worker-Main-12/WARN]: Exception loading blockstate definition: 'yuushya:blockstates/audio_a_white_blindwall.json' missing model for variant: 'yuushya:audio_a_white_blindwall#facing=north,form=2,waterlogged=false'
[02:20:06] [Worker-Main-12/WARN]: Exception loading blockstate definition: 'yuushya:blockstates/audio_a_white_blindwall.json' missing model for variant: 'yuushya:audio_a_white_blindwall#facing=east,form=2,waterlogged=true'
[02:20:06] [Worker-Main-12/WARN]: Exception loading blockstate definition: 'yuushya:blockstates/audio_a_white_blindwall.json' missing model for variant: 'yuushya:audio_a_white_blindwall#facing=south,form=2,waterlogged=true'
[02:20:06] [Worker-Main-12/WARN]: Exception loading blockstate definition: 'yuushya:blockstates/audio_a_white_blindwall.json' missing model for variant: 'yuushya:audio_a_white_blindwall#facing=east,form=2,waterlogged=false'
[02:20:06] [Worker-Main-12/WARN]: Exception loading blockstate definition: 'yuushya:blockstates/audio_a_white_blindwall.json' missing model for variant: 'yuushya:audio_a_white_blindwall#facing=north,form=2,waterlogged=true'
[02:20:06] [Worker-Main-12/WARN]: Exception loading blockstate definition: 'yuushya:blockstates/audio_a_white_blindwall.json' missing model for variant: 'yuushya:audio_a_white_blindwall#facing=south,form=2,waterlogged=false'
[02:20:06] [Worker-Main-12/WARN]: Exception loading blockstate definition: 'yuushya:blockstates/audio_a_yellow_blindwall.json' missing model for variant: 'yuushya:audio_a_yellow_blindwall#facing=north,form=2,waterlogged=true'
[02:20:06] [Worker-Main-12/WARN]: Exception loading blockstate definition: 'yuushya:blockstates/audio_a_yellow_blindwall.json' missing model for variant: 'yuushya:audio_a_yellow_blindwall#facing=east,form=2,waterlogged=false'
[02:20:06] [Worker-Main-12/WARN]: Exception loading blockstate definition: 'yuushya:blockstates/audio_a_yellow_blindwall.json' missing model for variant: 'yuushya:audio_a_yellow_blindwall#facing=south,form=2,waterlogged=true'
[02:20:06] [Worker-Main-12/WARN]: Exception loading blockstate definition: 'yuushya:blockstates/audio_a_yellow_blindwall.json' missing model for variant: 'yuushya:audio_a_yellow_blindwall#facing=south,form=2,waterlogged=false'
[02:20:06] [Worker-Main-12/WARN]: Exception loading blockstate definition: 'yuushya:blockstates/audio_a_yellow_blindwall.json' missing model for variant: 'yuushya:audio_a_yellow_blindwall#facing=west,form=2,waterlogged=false'
[02:20:06] [Worker-Main-12/WARN]: Exception loading blockstate definition: 'yuushya:blockstates/audio_a_yellow_blindwall.json' missing model for variant: 'yuushya:audio_a_yellow_blindwall#facing=east,form=2,waterlogged=true'
[02:20:06] [Worker-Main-12/WARN]: Exception loading blockstate definition: 'yuushya:blockstates/audio_a_yellow_blindwall.json' missing model for variant: 'yuushya:audio_a_yellow_blindwall#facing=north,form=2,waterlogged=false'
[02:20:06] [Worker-Main-12/WARN]: Exception loading blockstate definition: 'yuushya:blockstates/audio_a_yellow_blindwall.json' missing model for variant: 'yuushya:audio_a_yellow_blindwall#facing=west,form=2,waterlogged=true'
[02:20:06] [Worker-Main-12/WARN]: Exception loading blockstate definition: 'yuushya:blockstates/audio_large_a_acacia_blindwall.json' missing model for variant: 'yuushya:audio_large_a_acacia_blindwall#facing=west,form=2,waterlogged=true'
[02:20:06] [Worker-Main-12/WARN]: Exception loading blockstate definition: 'yuushya:blockstates/audio_large_a_acacia_blindwall.json' missing model for variant: 'yuushya:audio_large_a_acacia_blindwall#facing=west,form=2,waterlogged=false'
[02:20:06] [Worker-Main-12/WARN]: Exception loading blockstate definition: 'yuushya:blockstates/audio_large_a_acacia_blindwall.json' missing model for variant: 'yuushya:audio_large_a_acacia_blindwall#facing=south,form=2,waterlogged=false'
[02:20:06] [Worker-Main-12/WARN]: Exception loading blockstate definition: 'yuushya:blockstates/audio_large_a_acacia_blindwall.json' missing model for variant: 'yuushya:audio_large_a_acacia_blindwall#facing=south,form=2,waterlogged=true'
[02:20:06] [Worker-Main-12/WARN]: Exception loading blockstate definition: 'yuushya:blockstates/audio_large_a_acacia_blindwall.json' missing model for variant: 'yuushya:audio_large_a_acacia_blindwall#facing=north,form=2,waterlogged=false'
[02:20:06] [Worker-Main-12/WARN]: Exception loading blockstate definition: 'yuushya:blockstates/audio_large_a_acacia_blindwall.json' missing model for variant: 'yuushya:audio_large_a_acacia_blindwall#facing=east,form=2,waterlogged=true'
[02:20:06] [Worker-Main-12/WARN]: Exception loading blockstate definition: 'yuushya:blockstates/audio_large_a_acacia_blindwall.json' missing model for variant: 'yuushya:audio_large_a_acacia_blindwall#facing=east,form=2,waterlogged=false'
[02:20:06] [Worker-Main-12/WARN]: Exception loading blockstate definition: 'yuushya:blockstates/audio_large_a_acacia_blindwall.json' missing model for variant: 'yuushya:audio_large_a_acacia_blindwall#facing=north,form=2,waterlogged=true'
[02:20:06] [Worker-Main-12/WARN]: Exception loading blockstate definition: 'yuushya:blockstates/audio_large_a_birch_blindwall.json' missing model for variant: 'yuushya:audio_large_a_birch_blindwall#facing=north,form=2,waterlogged=true'
[02:20:06] [Worker-Main-12/WARN]: Exception loading blockstate definition: 'yuushya:blockstates/audio_large_a_birch_blindwall.json' missing model for variant: 'yuushya:audio_large_a_birch_blindwall#facing=east,form=2,waterlogged=false'
[02:20:06] [Worker-Main-12/WARN]: Exception loading blockstate definition: 'yuushya:blockstates/audio_large_a_birch_blindwall.json' missing model for variant: 'yuushya:audio_large_a_birch_blindwall#facing=west,form=2,waterlogged=true'
[02:20:06] [Worker-Main-12/WARN]: Exception loading blockstate definition: 'yuushya:blockstates/audio_large_a_birch_blindwall.json' missing model for variant: 'yuushya:audio_large_a_birch_blindwall#facing=south,form=2,waterlogged=false'
[02:20:06] [Worker-Main-12/WARN]: Exception loading blockstate definition: 'yuushya:blockstates/audio_large_a_birch_blindwall.json' missing model for variant: 'yuushya:audio_large_a_birch_blindwall#facing=south,form=2,waterlogged=true'
[02:20:06] [Worker-Main-12/WARN]: Exception loading blockstate definition: 'yuushya:blockstates/audio_large_a_birch_blindwall.json' missing model for variant: 'yuushya:audio_large_a_birch_blindwall#facing=north,form=2,waterlogged=false'
[02:20:06] [Worker-Main-12/WARN]: Exception loading blockstate definition: 'yuushya:blockstates/audio_large_a_birch_blindwall.json' missing model for variant: 'yuushya:audio_large_a_birch_blindwall#facing=west,form=2,waterlogged=false'
[02:20:06] [Worker-Main-12/WARN]: Exception loading blockstate definition: 'yuushya:blockstates/audio_large_a_birch_blindwall.json' missing model for variant: 'yuushya:audio_large_a_birch_blindwall#facing=east,form=2,waterlogged=true'
[02:20:06] [Worker-Main-12/WARN]: Exception loading blockstate definition: 'yuushya:blockstates/audio_large_a_dark_oak_blindwall.json' missing model for variant: 'yuushya:audio_large_a_dark_oak_blindwall#facing=north,form=2,waterlogged=false'
[02:20:06] [Worker-Main-12/WARN]: Exception loading blockstate definition: 'yuushya:blockstates/audio_large_a_dark_oak_blindwall.json' missing model for variant: 'yuushya:audio_large_a_dark_oak_blindwall#facing=south,form=2,waterlogged=true'
[02:20:06] [Worker-Main-12/WARN]: Exception loading blockstate definition: 'yuushya:blockstates/audio_large_a_dark_oak_blindwall.json' missing model for variant: 'yuushya:audio_large_a_dark_oak_blindwall#facing=west,form=2,waterlogged=true'
[02:20:06] [Worker-Main-12/WARN]: Exception loading blockstate definition: 'yuushya:blockstates/audio_large_a_dark_oak_blindwall.json' missing model for variant: 'yuushya:audio_large_a_dark_oak_blindwall#facing=east,form=2,waterlogged=false'
[02:20:06] [Worker-Main-12/WARN]: Exception loading blockstate definition: 'yuushya:blockstates/audio_large_a_dark_oak_blindwall.json' missing model for variant: 'yuushya:audio_large_a_dark_oak_blindwall#facing=south,form=2,waterlogged=false'
[02:20:06] [Worker-Main-12/WARN]: Exception loading blockstate definition: 'yuushya:blockstates/audio_large_a_dark_oak_blindwall.json' missing model for variant: 'yuushya:audio_large_a_dark_oak_blindwall#facing=north,form=2,waterlogged=true'
[02:20:06] [Worker-Main-12/WARN]: Exception loading blockstate definition: 'yuushya:blockstates/audio_large_a_dark_oak_blindwall.json' missing model for variant: 'yuushya:audio_large_a_dark_oak_blindwall#facing=west,form=2,waterlogged=false'
[02:20:06] [Worker-Main-12/WARN]: Exception loading blockstate definition: 'yuushya:blockstates/audio_large_a_dark_oak_blindwall.json' missing model for variant: 'yuushya:audio_large_a_dark_oak_blindwall#facing=east,form=2,waterlogged=true'
[02:20:06] [Worker-Main-12/WARN]: Exception loading blockstate definition: 'yuushya:blockstates/audio_large_a_jungle_blindwall.json' missing model for variant: 'yuushya:audio_large_a_jungle_blindwall#facing=west,form=2,waterlogged=false'
[02:20:06] [Worker-Main-12/WARN]: Exception loading blockstate definition: 'yuushya:blockstates/audio_large_a_jungle_blindwall.json' missing model for variant: 'yuushya:audio_large_a_jungle_blindwall#facing=south,form=2,waterlogged=true'
[02:20:06] [Worker-Main-12/WARN]: Exception loading blockstate definition: 'yuushya:blockstates/audio_large_a_jungle_blindwall.json' missing model for variant: 'yuushya:audio_large_a_jungle_blindwall#facing=north,form=2,waterlogged=false'
[02:20:06] [Worker-Main-12/WARN]: Exception loading blockstate definition: 'yuushya:blockstates/audio_large_a_jungle_blindwall.json' missing model for variant: 'yuushya:audio_large_a_jungle_blindwall#facing=east,form=2,waterlogged=true'
[02:20:06] [Worker-Main-12/WARN]: Exception loading blockstate definition: 'yuushya:blockstates/audio_large_a_jungle_blindwall.json' missing model for variant: 'yuushya:audio_large_a_jungle_blindwall#facing=north,form=2,waterlogged=true'
[02:20:06] [Worker-Main-12/WARN]: Exception loading blockstate definition: 'yuushya:blockstates/audio_large_a_jungle_blindwall.json' missing model for variant: 'yuushya:audio_large_a_jungle_blindwall#facing=west,form=2,waterlogged=true'
[02:20:06] [Worker-Main-12/WARN]: Exception loading blockstate definition: 'yuushya:blockstates/audio_large_a_jungle_blindwall.json' missing model for variant: 'yuushya:audio_large_a_jungle_blindwall#facing=east,form=2,waterlogged=false'
[02:20:06] [Worker-Main-12/WARN]: Exception loading blockstate definition: 'yuushya:blockstates/audio_large_a_jungle_blindwall.json' missing model for variant: 'yuushya:audio_large_a_jungle_blindwall#facing=south,form=2,waterlogged=false'
[02:20:06] [Worker-Main-12/WARN]: Exception loading blockstate definition: 'yuushya:blockstates/audio_large_a_oak_blindwall.json' missing model for variant: 'yuushya:audio_large_a_oak_blindwall#facing=south,form=2,waterlogged=true'
[02:20:06] [Worker-Main-12/WARN]: Exception loading blockstate definition: 'yuushya:blockstates/audio_large_a_oak_blindwall.json' missing model for variant: 'yuushya:audio_large_a_oak_blindwall#facing=north,form=2,waterlogged=false'
[02:20:06] [Worker-Main-12/WARN]: Exception loading blockstate definition: 'yuushya:blockstates/audio_large_a_oak_blindwall.json' missing model for variant: 'yuushya:audio_large_a_oak_blindwall#facing=north,form=2,waterlogged=true'
[02:20:06] [Worker-Main-12/WARN]: Exception loading blockstate definition: 'yuushya:blockstates/audio_large_a_oak_blindwall.json' missing model for variant: 'yuushya:audio_large_a_oak_blindwall#facing=west,form=2,waterlogged=false'
[02:20:06] [Worker-Main-12/WARN]: Exception loading blockstate definition: 'yuushya:blockstates/audio_large_a_oak_blindwall.json' missing model for variant: 'yuushya:audio_large_a_oak_blindwall#facing=south,form=2,waterlogged=false'
[02:20:06] [Worker-Main-12/WARN]: Exception loading blockstate definition: 'yuushya:blockstates/audio_large_a_oak_blindwall.json' missing model for variant: 'yuushya:audio_large_a_oak_blindwall#facing=east,form=2,waterlogged=false'
[02:20:06] [Worker-Main-12/WARN]: Exception loading blockstate definition: 'yuushya:blockstates/audio_large_a_oak_blindwall.json' missing model for variant: 'yuushya:audio_large_a_oak_blindwall#facing=east,form=2,waterlogged=true'
[02:20:06] [Worker-Main-12/WARN]: Exception loading blockstate definition: 'yuushya:blockstates/audio_large_a_oak_blindwall.json' missing model for variant: 'yuushya:audio_large_a_oak_blindwall#facing=west,form=2,waterlogged=true'
[02:20:06] [Worker-Main-12/WARN]: Exception loading blockstate definition: 'yuushya:blockstates/audio_large_a_spruce_blindwall.json' missing model for variant: 'yuushya:audio_large_a_spruce_blindwall#facing=west,form=2,waterlogged=false'
[02:20:06] [Worker-Main-12/WARN]: Exception loading blockstate definition: 'yuushya:blockstates/audio_large_a_spruce_blindwall.json' missing model for variant: 'yuushya:audio_large_a_spruce_blindwall#facing=south,form=2,waterlogged=true'
[02:20:06] [Worker-Main-12/WARN]: Exception loading blockstate definition: 'yuushya:blockstates/audio_large_a_spruce_blindwall.json' missing model for variant: 'yuushya:audio_large_a_spruce_blindwall#facing=south,form=2,waterlogged=false'
[02:20:06] [Worker-Main-12/WARN]: Exception loading blockstate definition: 'yuushya:blockstates/audio_large_a_spruce_blindwall.json' missing model for variant: 'yuushya:audio_large_a_spruce_blindwall#facing=west,form=2,waterlogged=true'
[02:20:06] [Worker-Main-12/WARN]: Exception loading blockstate definition: 'yuushya:blockstates/audio_large_a_spruce_blindwall.json' missing model for variant: 'yuushya:audio_large_a_spruce_blindwall#facing=east,form=2,waterlogged=false'
[02:20:06] [Worker-Main-12/WARN]: Exception loading blockstate definition: 'yuushya:blockstates/audio_large_a_spruce_blindwall.json' missing model for variant: 'yuushya:audio_large_a_spruce_blindwall#facing=north,form=2,waterlogged=true'
[02:20:06] [Worker-Main-12/WARN]: Exception loading blockstate definition: 'yuushya:blockstates/audio_large_a_spruce_blindwall.json' missing model for variant: 'yuushya:audio_large_a_spruce_blindwall#facing=north,form=2,waterlogged=false'
[02:20:06] [Worker-Main-12/WARN]: Exception loading blockstate definition: 'yuushya:blockstates/audio_large_a_spruce_blindwall.json' missing model for variant: 'yuushya:audio_large_a_spruce_blindwall#facing=east,form=2,waterlogged=true'
[02:20:06] [Worker-Main-12/WARN]: Exception loading blockstate definition: 'yuushya:blockstates/audio_large_a_crimson_blindwall.json' missing model for variant: 'yuushya:audio_large_a_crimson_blindwall#facing=south,form=2,waterlogged=false'
[02:20:06] [Worker-Main-12/WARN]: Exception loading blockstate definition: 'yuushya:blockstates/audio_large_a_crimson_blindwall.json' missing model for variant: 'yuushya:audio_large_a_crimson_blindwall#facing=east,form=2,waterlogged=true'
[02:20:06] [Worker-Main-12/WARN]: Exception loading blockstate definition: 'yuushya:blockstates/audio_large_a_crimson_blindwall.json' missing model for variant: 'yuushya:audio_large_a_crimson_blindwall#facing=south,form=2,waterlogged=true'
[02:20:06] [Worker-Main-12/WARN]: Exception loading blockstate definition: 'yuushya:blockstates/audio_large_a_crimson_blindwall.json' missing model for variant: 'yuushya:audio_large_a_crimson_blindwall#facing=north,form=2,waterlogged=true'
[02:20:06] [Worker-Main-12/WARN]: Exception loading blockstate definition: 'yuushya:blockstates/audio_large_a_crimson_blindwall.json' missing model for variant: 'yuushya:audio_large_a_crimson_blindwall#facing=east,form=2,waterlogged=false'
[02:20:06] [Worker-Main-12/WARN]: Exception loading blockstate definition: 'yuushya:blockstates/audio_large_a_crimson_blindwall.json' missing model for variant: 'yuushya:audio_large_a_crimson_blindwall#facing=west,form=2,waterlogged=false'
[02:20:06] [Worker-Main-12/WARN]: Exception loading blockstate definition: 'yuushya:blockstates/audio_large_a_crimson_blindwall.json' missing model for variant: 'yuushya:audio_large_a_crimson_blindwall#facing=north,form=2,waterlogged=false'
[02:20:06] [Worker-Main-12/WARN]: Exception loading blockstate definition: 'yuushya:blockstates/audio_large_a_crimson_blindwall.json' missing model for variant: 'yuushya:audio_large_a_crimson_blindwall#facing=west,form=2,waterlogged=true'
[02:20:06] [Worker-Main-12/WARN]: Exception loading blockstate definition: 'yuushya:blockstates/audio_large_a_warped_blindwall.json' missing model for variant: 'yuushya:audio_large_a_warped_blindwall#facing=west,form=2,waterlogged=false'
[02:20:06] [Worker-Main-12/WARN]: Exception loading blockstate definition: 'yuushya:blockstates/audio_large_a_warped_blindwall.json' missing model for variant: 'yuushya:audio_large_a_warped_blindwall#facing=west,form=2,waterlogged=true'
[02:20:06] [Worker-Main-12/WARN]: Exception loading blockstate definition: 'yuushya:blockstates/audio_large_a_warped_blindwall.json' missing model for variant: 'yuushya:audio_large_a_warped_blindwall#facing=north,form=2,waterlogged=false'
[02:20:06] [Worker-Main-12/WARN]: Exception loading blockstate definition: 'yuushya:blockstates/audio_large_a_warped_blindwall.json' missing model for variant: 'yuushya:audio_large_a_warped_blindwall#facing=east,form=2,waterlogged=true'
[02:20:06] [Worker-Main-12/WARN]: Exception loading blockstate definition: 'yuushya:blockstates/audio_large_a_warped_blindwall.json' missing model for variant: 'yuushya:audio_large_a_warped_blindwall#facing=south,form=2,waterlogged=true'
[02:20:06] [Worker-Main-12/WARN]: Exception loading blockstate definition: 'yuushya:blockstates/audio_large_a_warped_blindwall.json' missing model for variant: 'yuushya:audio_large_a_warped_blindwall#facing=east,form=2,waterlogged=false'
[02:20:06] [Worker-Main-12/WARN]: Exception loading blockstate definition: 'yuushya:blockstates/audio_large_a_warped_blindwall.json' missing model for variant: 'yuushya:audio_large_a_warped_blindwall#facing=north,form=2,waterlogged=true'
[02:20:06] [Worker-Main-12/WARN]: Exception loading blockstate definition: 'yuushya:blockstates/audio_large_a_warped_blindwall.json' missing model for variant: 'yuushya:audio_large_a_warped_blindwall#facing=south,form=2,waterlogged=false'
[02:20:06] [Worker-Main-12/WARN]: Exception loading blockstate definition: 'yuushya:blockstates/audio_large_a_mangrove_blindwall.json' missing model for variant: 'yuushya:audio_large_a_mangrove_blindwall#facing=east,form=2,waterlogged=false'
[02:20:06] [Worker-Main-12/WARN]: Exception loading blockstate definition: 'yuushya:blockstates/audio_large_a_mangrove_blindwall.json' missing model for variant: 'yuushya:audio_large_a_mangrove_blindwall#facing=north,form=2,waterlogged=true'
[02:20:06] [Worker-Main-12/WARN]: Exception loading blockstate definition: 'yuushya:blockstates/audio_large_a_mangrove_blindwall.json' missing model for variant: 'yuushya:audio_large_a_mangrove_blindwall#facing=south,form=2,waterlogged=false'
[02:20:06] [Worker-Main-12/WARN]: Exception loading blockstate definition: 'yuushya:blockstates/audio_large_a_mangrove_blindwall.json' missing model for variant: 'yuushya:audio_large_a_mangrove_blindwall#facing=west,form=2,waterlogged=false'
[02:20:06] [Worker-Main-12/WARN]: Exception loading blockstate definition: 'yuushya:blockstates/audio_large_a_mangrove_blindwall.json' missing model for variant: 'yuushya:audio_large_a_mangrove_blindwall#facing=west,form=2,waterlogged=true'
[02:20:06] [Worker-Main-12/WARN]: Exception loading blockstate definition: 'yuushya:blockstates/audio_large_a_mangrove_blindwall.json' missing model for variant: 'yuushya:audio_large_a_mangrove_blindwall#facing=north,form=2,waterlogged=false'
[02:20:06] [Worker-Main-12/WARN]: Exception loading blockstate definition: 'yuushya:blockstates/audio_large_a_mangrove_blindwall.json' missing model for variant: 'yuushya:audio_large_a_mangrove_blindwall#facing=south,form=2,waterlogged=true'
[02:20:06] [Worker-Main-12/WARN]: Exception loading blockstate definition: 'yuushya:blockstates/audio_large_a_mangrove_blindwall.json' missing model for variant: 'yuushya:audio_large_a_mangrove_blindwall#facing=east,form=2,waterlogged=true'
[02:20:06] [Worker-Main-12/WARN]: Exception loading blockstate definition: 'yuushya:blockstates/audio_large_a_bamboo_blindwall.json' missing model for variant: 'yuushya:audio_large_a_bamboo_blindwall#facing=east,form=2,waterlogged=false'
[02:20:06] [Worker-Main-12/WARN]: Exception loading blockstate definition: 'yuushya:blockstates/audio_large_a_bamboo_blindwall.json' missing model for variant: 'yuushya:audio_large_a_bamboo_blindwall#facing=north,form=2,waterlogged=false'
[02:20:06] [Worker-Main-12/WARN]: Exception loading blockstate definition: 'yuushya:blockstates/audio_large_a_bamboo_blindwall.json' missing model for variant: 'yuushya:audio_large_a_bamboo_blindwall#facing=south,form=2,waterlogged=true'
[02:20:06] [Worker-Main-12/WARN]: Exception loading blockstate definition: 'yuushya:blockstates/audio_large_a_bamboo_blindwall.json' missing model for variant: 'yuushya:audio_large_a_bamboo_blindwall#facing=west,form=2,waterlogged=false'
[02:20:06] [Worker-Main-12/WARN]: Exception loading blockstate definition: 'yuushya:blockstates/audio_large_a_bamboo_blindwall.json' missing model for variant: 'yuushya:audio_large_a_bamboo_blindwall#facing=east,form=2,waterlogged=true'
[02:20:06] [Worker-Main-12/WARN]: Exception loading blockstate definition: 'yuushya:blockstates/audio_large_a_bamboo_blindwall.json' missing model for variant: 'yuushya:audio_large_a_bamboo_blindwall#facing=south,form=2,waterlogged=false'
[02:20:06] [Worker-Main-12/WARN]: Exception loading blockstate definition: 'yuushya:blockstates/audio_large_a_bamboo_blindwall.json' missing model for variant: 'yuushya:audio_large_a_bamboo_blindwall#facing=west,form=2,waterlogged=true'
[02:20:06] [Worker-Main-12/WARN]: Exception loading blockstate definition: 'yuushya:blockstates/audio_large_a_bamboo_blindwall.json' missing model for variant: 'yuushya:audio_large_a_bamboo_blindwall#facing=north,form=2,waterlogged=true'
[02:20:06] [Worker-Main-12/WARN]: Exception loading blockstate definition: 'yuushya:blockstates/audio_large_a_cherry_blindwall.json' missing model for variant: 'yuushya:audio_large_a_cherry_blindwall#facing=north,form=2,waterlogged=true'
[02:20:06] [Worker-Main-12/WARN]: Exception loading blockstate definition: 'yuushya:blockstates/audio_large_a_cherry_blindwall.json' missing model for variant: 'yuushya:audio_large_a_cherry_blindwall#facing=south,form=2,waterlogged=true'
[02:20:06] [Worker-Main-12/WARN]: Exception loading blockstate definition: 'yuushya:blockstates/audio_large_a_cherry_blindwall.json' missing model for variant: 'yuushya:audio_large_a_cherry_blindwall#facing=west,form=2,waterlogged=true'
[02:20:06] [Worker-Main-12/WARN]: Exception loading blockstate definition: 'yuushya:blockstates/audio_large_a_cherry_blindwall.json' missing model for variant: 'yuushya:audio_large_a_cherry_blindwall#facing=west,form=2,waterlogged=false'
[02:20:06] [Worker-Main-12/WARN]: Exception loading blockstate definition: 'yuushya:blockstates/audio_large_a_cherry_blindwall.json' missing model for variant: 'yuushya:audio_large_a_cherry_blindwall#facing=east,form=2,waterlogged=true'
[02:20:06] [Worker-Main-12/WARN]: Exception loading blockstate definition: 'yuushya:blockstates/audio_large_a_cherry_blindwall.json' missing model for variant: 'yuushya:audio_large_a_cherry_blindwall#facing=north,form=2,waterlogged=false'
[02:20:06] [Worker-Main-12/WARN]: Exception loading blockstate definition: 'yuushya:blockstates/audio_large_a_cherry_blindwall.json' missing model for variant: 'yuushya:audio_large_a_cherry_blindwall#facing=south,form=2,waterlogged=false'
[02:20:06] [Worker-Main-12/WARN]: Exception loading blockstate definition: 'yuushya:blockstates/audio_large_a_cherry_blindwall.json' missing model for variant: 'yuushya:audio_large_a_cherry_blindwall#facing=east,form=2,waterlogged=false'
[02:20:06] [Worker-Main-12/WARN]: Exception loading blockstate definition: 'yuushya:blockstates/audio_large_a_black_blindwall.json' missing model for variant: 'yuushya:audio_large_a_black_blindwall#facing=east,form=2,waterlogged=false'
[02:20:06] [Worker-Main-12/WARN]: Exception loading blockstate definition: 'yuushya:blockstates/audio_large_a_black_blindwall.json' missing model for variant: 'yuushya:audio_large_a_black_blindwall#facing=south,form=2,waterlogged=false'
[02:20:06] [Worker-Main-12/WARN]: Exception loading blockstate definition: 'yuushya:blockstates/audio_large_a_black_blindwall.json' missing model for variant: 'yuushya:audio_large_a_black_blindwall#facing=north,form=2,waterlogged=true'
[02:20:06] [Worker-Main-12/WARN]: Exception loading blockstate definition: 'yuushya:blockstates/audio_large_a_black_blindwall.json' missing model for variant: 'yuushya:audio_large_a_black_blindwall#facing=south,form=2,waterlogged=true'
[02:20:06] [Worker-Main-12/WARN]: Exception loading blockstate definition: 'yuushya:blockstates/audio_large_a_black_blindwall.json' missing model for variant: 'yuushya:audio_large_a_black_blindwall#facing=west,form=2,waterlogged=true'
[02:20:06] [Worker-Main-12/WARN]: Exception loading blockstate definition: 'yuushya:blockstates/audio_large_a_black_blindwall.json' missing model for variant: 'yuushya:audio_large_a_black_blindwall#facing=east,form=2,waterlogged=true'
[02:20:06] [Worker-Main-12/WARN]: Exception loading blockstate definition: 'yuushya:blockstates/audio_large_a_black_blindwall.json' missing model for variant: 'yuushya:audio_large_a_black_blindwall#facing=west,form=2,waterlogged=false'
[02:20:06] [Worker-Main-12/WARN]: Exception loading blockstate definition: 'yuushya:blockstates/audio_large_a_black_blindwall.json' missing model for variant: 'yuushya:audio_large_a_black_blindwall#facing=north,form=2,waterlogged=false'
[02:20:06] [Worker-Main-12/WARN]: Exception loading blockstate definition: 'yuushya:blockstates/audio_large_a_blue_blindwall.json' missing model for variant: 'yuushya:audio_large_a_blue_blindwall#facing=east,form=2,waterlogged=true'
[02:20:06] [Worker-Main-12/WARN]: Exception loading blockstate definition: 'yuushya:blockstates/audio_large_a_blue_blindwall.json' missing model for variant: 'yuushya:audio_large_a_blue_blindwall#facing=south,form=2,waterlogged=true'
[02:20:06] [Worker-Main-12/WARN]: Exception loading blockstate definition: 'yuushya:blockstates/audio_large_a_blue_blindwall.json' missing model for variant: 'yuushya:audio_large_a_blue_blindwall#facing=north,form=2,waterlogged=true'
[02:20:06] [Worker-Main-12/WARN]: Exception loading blockstate definition: 'yuushya:blockstates/audio_large_a_blue_blindwall.json' missing model for variant: 'yuushya:audio_large_a_blue_blindwall#facing=north,form=2,waterlogged=false'
[02:20:06] [Worker-Main-12/WARN]: Exception loading blockstate definition: 'yuushya:blockstates/audio_large_a_blue_blindwall.json' missing model for variant: 'yuushya:audio_large_a_blue_blindwall#facing=west,form=2,waterlogged=false'
[02:20:06] [Worker-Main-12/WARN]: Exception loading blockstate definition: 'yuushya:blockstates/audio_large_a_blue_blindwall.json' missing model for variant: 'yuushya:audio_large_a_blue_blindwall#facing=east,form=2,waterlogged=false'
[02:20:06] [Worker-Main-12/WARN]: Exception loading blockstate definition: 'yuushya:blockstates/audio_large_a_blue_blindwall.json' missing model for variant: 'yuushya:audio_large_a_blue_blindwall#facing=west,form=2,waterlogged=true'
[02:20:06] [Worker-Main-12/WARN]: Exception loading blockstate definition: 'yuushya:blockstates/audio_large_a_blue_blindwall.json' missing model for variant: 'yuushya:audio_large_a_blue_blindwall#facing=south,form=2,waterlogged=false'
[02:20:06] [Worker-Main-12/WARN]: Exception loading blockstate definition: 'yuushya:blockstates/audio_large_a_brown_blindwall.json' missing model for variant: 'yuushya:audio_large_a_brown_blindwall#facing=south,form=2,waterlogged=true'
[02:20:06] [Worker-Main-12/WARN]: Exception loading blockstate definition: 'yuushya:blockstates/audio_large_a_brown_blindwall.json' missing model for variant: 'yuushya:audio_large_a_brown_blindwall#facing=west,form=2,waterlogged=true'
[02:20:06] [Worker-Main-12/WARN]: Exception loading blockstate definition: 'yuushya:blockstates/audio_large_a_brown_blindwall.json' missing model for variant: 'yuushya:audio_large_a_brown_blindwall#facing=south,form=2,waterlogged=false'
[02:20:06] [Worker-Main-12/WARN]: Exception loading blockstate definition: 'yuushya:blockstates/audio_large_a_brown_blindwall.json' missing model for variant: 'yuushya:audio_large_a_brown_blindwall#facing=east,form=2,waterlogged=false'
[02:20:06] [Worker-Main-12/WARN]: Exception loading blockstate definition: 'yuushya:blockstates/audio_large_a_brown_blindwall.json' missing model for variant: 'yuushya:audio_large_a_brown_blindwall#facing=north,form=2,waterlogged=true'
[02:20:06] [Worker-Main-12/WARN]: Exception loading blockstate definition: 'yuushya:blockstates/audio_large_a_brown_blindwall.json' missing model for variant: 'yuushya:audio_large_a_brown_blindwall#facing=west,form=2,waterlogged=false'
[02:20:06] [Worker-Main-12/WARN]: Exception loading blockstate definition: 'yuushya:blockstates/audio_large_a_brown_blindwall.json' missing model for variant: 'yuushya:audio_large_a_brown_blindwall#facing=east,form=2,waterlogged=true'
[02:20:06] [Worker-Main-12/WARN]: Exception loading blockstate definition: 'yuushya:blockstates/audio_large_a_brown_blindwall.json' missing model for variant: 'yuushya:audio_large_a_brown_blindwall#facing=north,form=2,waterlogged=false'
[02:20:06] [Worker-Main-12/WARN]: Exception loading blockstate definition: 'yuushya:blockstates/audio_large_a_cyan_blindwall.json' missing model for variant: 'yuushya:audio_large_a_cyan_blindwall#facing=south,form=2,waterlogged=true'
[02:20:06] [Worker-Main-12/WARN]: Exception loading blockstate definition: 'yuushya:blockstates/audio_large_a_cyan_blindwall.json' missing model for variant: 'yuushya:audio_large_a_cyan_blindwall#facing=north,form=2,waterlogged=false'
[02:20:06] [Worker-Main-12/WARN]: Exception loading blockstate definition: 'yuushya:blockstates/audio_large_a_cyan_blindwall.json' missing model for variant: 'yuushya:audio_large_a_cyan_blindwall#facing=west,form=2,waterlogged=false'
[02:20:06] [Worker-Main-12/WARN]: Exception loading blockstate definition: 'yuushya:blockstates/audio_large_a_cyan_blindwall.json' missing model for variant: 'yuushya:audio_large_a_cyan_blindwall#facing=east,form=2,waterlogged=true'
[02:20:06] [Worker-Main-12/WARN]: Exception loading blockstate definition: 'yuushya:blockstates/audio_large_a_cyan_blindwall.json' missing model for variant: 'yuushya:audio_large_a_cyan_blindwall#facing=south,form=2,waterlogged=false'
[02:20:06] [Worker-Main-12/WARN]: Exception loading blockstate definition: 'yuushya:blockstates/audio_large_a_cyan_blindwall.json' missing model for variant: 'yuushya:audio_large_a_cyan_blindwall#facing=west,form=2,waterlogged=true'
[02:20:06] [Worker-Main-12/WARN]: Exception loading blockstate definition: 'yuushya:blockstates/audio_large_a_cyan_blindwall.json' missing model for variant: 'yuushya:audio_large_a_cyan_blindwall#facing=north,form=2,waterlogged=true'
[02:20:06] [Worker-Main-12/WARN]: Exception loading blockstate definition: 'yuushya:blockstates/audio_large_a_cyan_blindwall.json' missing model for variant: 'yuushya:audio_large_a_cyan_blindwall#facing=east,form=2,waterlogged=false'
[02:20:06] [Worker-Main-12/WARN]: Exception loading blockstate definition: 'yuushya:blockstates/audio_large_a_gray_blindwall.json' missing model for variant: 'yuushya:audio_large_a_gray_blindwall#facing=east,form=2,waterlogged=true'
[02:20:06] [Worker-Main-12/WARN]: Exception loading blockstate definition: 'yuushya:blockstates/audio_large_a_gray_blindwall.json' missing model for variant: 'yuushya:audio_large_a_gray_blindwall#facing=north,form=2,waterlogged=false'
[02:20:06] [Worker-Main-12/WARN]: Exception loading blockstate definition: 'yuushya:blockstates/audio_large_a_gray_blindwall.json' missing model for variant: 'yuushya:audio_large_a_gray_blindwall#facing=west,form=2,waterlogged=false'
[02:20:06] [Worker-Main-12/WARN]: Exception loading blockstate definition: 'yuushya:blockstates/audio_large_a_gray_blindwall.json' missing model for variant: 'yuushya:audio_large_a_gray_blindwall#facing=south,form=2,waterlogged=false'
[02:20:06] [Worker-Main-12/WARN]: Exception loading blockstate definition: 'yuushya:blockstates/audio_large_a_gray_blindwall.json' missing model for variant: 'yuushya:audio_large_a_gray_blindwall#facing=south,form=2,waterlogged=true'
[02:20:06] [Worker-Main-12/WARN]: Exception loading blockstate definition: 'yuushya:blockstates/audio_large_a_gray_blindwall.json' missing model for variant: 'yuushya:audio_large_a_gray_blindwall#facing=west,form=2,waterlogged=true'
[02:20:06] [Worker-Main-12/WARN]: Exception loading blockstate definition: 'yuushya:blockstates/audio_large_a_gray_blindwall.json' missing model for variant: 'yuushya:audio_large_a_gray_blindwall#facing=east,form=2,waterlogged=false'
[02:20:06] [Worker-Main-12/WARN]: Exception loading blockstate definition: 'yuushya:blockstates/audio_large_a_gray_blindwall.json' missing model for variant: 'yuushya:audio_large_a_gray_blindwall#facing=north,form=2,waterlogged=true'
[02:20:06] [Worker-Main-12/WARN]: Exception loading blockstate definition: 'yuushya:blockstates/audio_large_a_green_blindwall.json' missing model for variant: 'yuushya:audio_large_a_green_blindwall#facing=west,form=2,waterlogged=true'
[02:20:06] [Worker-Main-12/WARN]: Exception loading blockstate definition: 'yuushya:blockstates/audio_large_a_green_blindwall.json' missing model for variant: 'yuushya:audio_large_a_green_blindwall#facing=west,form=2,waterlogged=false'
[02:20:06] [Worker-Main-12/WARN]: Exception loading blockstate definition: 'yuushya:blockstates/audio_large_a_green_blindwall.json' missing model for variant: 'yuushya:audio_large_a_green_blindwall#facing=north,form=2,waterlogged=false'
[02:20:06] [Worker-Main-12/WARN]: Exception loading blockstate definition: 'yuushya:blockstates/audio_large_a_green_blindwall.json' missing model for variant: 'yuushya:audio_large_a_green_blindwall#facing=south,form=2,waterlogged=true'
[02:20:06] [Worker-Main-12/WARN]: Exception loading blockstate definition: 'yuushya:blockstates/audio_large_a_green_blindwall.json' missing model for variant: 'yuushya:audio_large_a_green_blindwall#facing=east,form=2,waterlogged=true'
[02:20:06] [Worker-Main-12/WARN]: Exception loading blockstate definition: 'yuushya:blockstates/audio_large_a_green_blindwall.json' missing model for variant: 'yuushya:audio_large_a_green_blindwall#facing=south,form=2,waterlogged=false'
[02:20:06] [Worker-Main-12/WARN]: Exception loading blockstate definition: 'yuushya:blockstates/audio_large_a_green_blindwall.json' missing model for variant: 'yuushya:audio_large_a_green_blindwall#facing=east,form=2,waterlogged=false'
[02:20:06] [Worker-Main-12/WARN]: Exception loading blockstate definition: 'yuushya:blockstates/audio_large_a_green_blindwall.json' missing model for variant: 'yuushya:audio_large_a_green_blindwall#facing=north,form=2,waterlogged=true'
[02:20:06] [Worker-Main-12/WARN]: Exception loading blockstate definition: 'yuushya:blockstates/audio_large_a_light_blue_blindwall.json' missing model for variant: 'yuushya:audio_large_a_light_blue_blindwall#facing=east,form=2,waterlogged=true'
[02:20:06] [Worker-Main-12/WARN]: Exception loading blockstate definition: 'yuushya:blockstates/audio_large_a_light_blue_blindwall.json' missing model for variant: 'yuushya:audio_large_a_light_blue_blindwall#facing=north,form=2,waterlogged=false'
[02:20:06] [Worker-Main-12/WARN]: Exception loading blockstate definition: 'yuushya:blockstates/audio_large_a_light_blue_blindwall.json' missing model for variant: 'yuushya:audio_large_a_light_blue_blindwall#facing=west,form=2,waterlogged=true'
[02:20:06] [Worker-Main-12/WARN]: Exception loading blockstate definition: 'yuushya:blockstates/audio_large_a_light_blue_blindwall.json' missing model for variant: 'yuushya:audio_large_a_light_blue_blindwall#facing=west,form=2,waterlogged=false'
[02:20:06] [Worker-Main-12/WARN]: Exception loading blockstate definition: 'yuushya:blockstates/audio_large_a_light_blue_blindwall.json' missing model for variant: 'yuushya:audio_large_a_light_blue_blindwall#facing=south,form=2,waterlogged=false'
[02:20:06] [Worker-Main-12/WARN]: Exception loading blockstate definition: 'yuushya:blockstates/audio_large_a_light_blue_blindwall.json' missing model for variant: 'yuushya:audio_large_a_light_blue_blindwall#facing=south,form=2,waterlogged=true'
[02:20:06] [Worker-Main-12/WARN]: Exception loading blockstate definition: 'yuushya:blockstates/audio_large_a_light_blue_blindwall.json' missing model for variant: 'yuushya:audio_large_a_light_blue_blindwall#facing=north,form=2,waterlogged=true'
[02:20:06] [Worker-Main-12/WARN]: Exception loading blockstate definition: 'yuushya:blockstates/audio_large_a_light_blue_blindwall.json' missing model for variant: 'yuushya:audio_large_a_light_blue_blindwall#facing=east,form=2,waterlogged=false'
[02:20:06] [Worker-Main-12/WARN]: Exception loading blockstate definition: 'yuushya:blockstates/audio_large_a_light_gray_blindwall.json' missing model for variant: 'yuushya:audio_large_a_light_gray_blindwall#facing=north,form=2,waterlogged=true'
[02:20:06] [Worker-Main-12/WARN]: Exception loading blockstate definition: 'yuushya:blockstates/audio_large_a_light_gray_blindwall.json' missing model for variant: 'yuushya:audio_large_a_light_gray_blindwall#facing=north,form=2,waterlogged=false'
[02:20:06] [Worker-Main-12/WARN]: Exception loading blockstate definition: 'yuushya:blockstates/audio_large_a_light_gray_blindwall.json' missing model for variant: 'yuushya:audio_large_a_light_gray_blindwall#facing=west,form=2,waterlogged=true'
[02:20:06] [Worker-Main-12/WARN]: Exception loading blockstate definition: 'yuushya:blockstates/audio_large_a_light_gray_blindwall.json' missing model for variant: 'yuushya:audio_large_a_light_gray_blindwall#facing=east,form=2,waterlogged=false'
[02:20:06] [Worker-Main-12/WARN]: Exception loading blockstate definition: 'yuushya:blockstates/audio_large_a_light_gray_blindwall.json' missing model for variant: 'yuushya:audio_large_a_light_gray_blindwall#facing=south,form=2,waterlogged=false'
[02:20:06] [Worker-Main-12/WARN]: Exception loading blockstate definition: 'yuushya:blockstates/audio_large_a_light_gray_blindwall.json' missing model for variant: 'yuushya:audio_large_a_light_gray_blindwall#facing=east,form=2,waterlogged=true'
[02:20:06] [Worker-Main-12/WARN]: Exception loading blockstate definition: 'yuushya:blockstates/audio_large_a_light_gray_blindwall.json' missing model for variant: 'yuushya:audio_large_a_light_gray_blindwall#facing=west,form=2,waterlogged=false'
[02:20:06] [Worker-Main-12/WARN]: Exception loading blockstate definition: 'yuushya:blockstates/audio_large_a_light_gray_blindwall.json' missing model for variant: 'yuushya:audio_large_a_light_gray_blindwall#facing=south,form=2,waterlogged=true'
[02:20:06] [Worker-Main-12/WARN]: Exception loading blockstate definition: 'yuushya:blockstates/audio_large_a_lime_blindwall.json' missing model for variant: 'yuushya:audio_large_a_lime_blindwall#facing=south,form=2,waterlogged=false'
[02:20:06] [Worker-Main-12/WARN]: Exception loading blockstate definition: 'yuushya:blockstates/audio_large_a_lime_blindwall.json' missing model for variant: 'yuushya:audio_large_a_lime_blindwall#facing=east,form=2,waterlogged=true'
[02:20:06] [Worker-Main-12/WARN]: Exception loading blockstate definition: 'yuushya:blockstates/audio_large_a_lime_blindwall.json' missing model for variant: 'yuushya:audio_large_a_lime_blindwall#facing=west,form=2,waterlogged=true'
[02:20:06] [Worker-Main-12/WARN]: Exception loading blockstate definition: 'yuushya:blockstates/audio_large_a_lime_blindwall.json' missing model for variant: 'yuushya:audio_large_a_lime_blindwall#facing=south,form=2,waterlogged=true'
[02:20:06] [Worker-Main-12/WARN]: Exception loading blockstate definition: 'yuushya:blockstates/audio_large_a_lime_blindwall.json' missing model for variant: 'yuushya:audio_large_a_lime_blindwall#facing=north,form=2,waterlogged=true'
[02:20:06] [Worker-Main-12/WARN]: Exception loading blockstate definition: 'yuushya:blockstates/audio_large_a_lime_blindwall.json' missing model for variant: 'yuushya:audio_large_a_lime_blindwall#facing=east,form=2,waterlogged=false'
[02:20:06] [Worker-Main-12/WARN]: Exception loading blockstate definition: 'yuushya:blockstates/audio_large_a_lime_blindwall.json' missing model for variant: 'yuushya:audio_large_a_lime_blindwall#facing=west,form=2,waterlogged=false'
[02:20:06] [Worker-Main-12/WARN]: Exception loading blockstate definition: 'yuushya:blockstates/audio_large_a_lime_blindwall.json' missing model for variant: 'yuushya:audio_large_a_lime_blindwall#facing=north,form=2,waterlogged=false'
[02:20:06] [Worker-Main-12/WARN]: Exception loading blockstate definition: 'yuushya:blockstates/audio_large_a_magenta_blindwall.json' missing model for variant: 'yuushya:audio_large_a_magenta_blindwall#facing=north,form=2,waterlogged=false'
[02:20:06] [Worker-Main-12/WARN]: Exception loading blockstate definition: 'yuushya:blockstates/audio_large_a_magenta_blindwall.json' missing model for variant: 'yuushya:audio_large_a_magenta_blindwall#facing=west,form=2,waterlogged=false'
[02:20:06] [Worker-Main-12/WARN]: Exception loading blockstate definition: 'yuushya:blockstates/audio_large_a_magenta_blindwall.json' missing model for variant: 'yuushya:audio_large_a_magenta_blindwall#facing=east,form=2,waterlogged=true'
[02:20:06] [Worker-Main-12/WARN]: Exception loading blockstate definition: 'yuushya:blockstates/audio_large_a_magenta_blindwall.json' missing model for variant: 'yuushya:audio_large_a_magenta_blindwall#facing=south,form=2,waterlogged=false'
[02:20:06] [Worker-Main-12/WARN]: Exception loading blockstate definition: 'yuushya:blockstates/audio_large_a_magenta_blindwall.json' missing model for variant: 'yuushya:audio_large_a_magenta_blindwall#facing=south,form=2,waterlogged=true'
[02:20:06] [Worker-Main-12/WARN]: Exception loading blockstate definition: 'yuushya:blockstates/audio_large_a_magenta_blindwall.json' missing model for variant: 'yuushya:audio_large_a_magenta_blindwall#facing=west,form=2,waterlogged=true'
[02:20:06] [Worker-Main-12/WARN]: Exception loading blockstate definition: 'yuushya:blockstates/audio_large_a_magenta_blindwall.json' missing model for variant: 'yuushya:audio_large_a_magenta_blindwall#facing=north,form=2,waterlogged=true'
[02:20:06] [Worker-Main-12/WARN]: Exception loading blockstate definition: 'yuushya:blockstates/audio_large_a_magenta_blindwall.json' missing model for variant: 'yuushya:audio_large_a_magenta_blindwall#facing=east,form=2,waterlogged=false'
[02:20:06] [Worker-Main-12/WARN]: Exception loading blockstate definition: 'yuushya:blockstates/audio_large_a_orange_blindwall.json' missing model for variant: 'yuushya:audio_large_a_orange_blindwall#facing=east,form=2,waterlogged=false'
[02:20:06] [Worker-Main-12/WARN]: Exception loading blockstate definition: 'yuushya:blockstates/audio_large_a_orange_blindwall.json' missing model for variant: 'yuushya:audio_large_a_orange_blindwall#facing=north,form=2,waterlogged=true'
[02:20:06] [Worker-Main-12/WARN]: Exception loading blockstate definition: 'yuushya:blockstates/audio_large_a_orange_blindwall.json' missing model for variant: 'yuushya:audio_large_a_orange_blindwall#facing=south,form=2,waterlogged=false'
[02:20:06] [Worker-Main-12/WARN]: Exception loading blockstate definition: 'yuushya:blockstates/audio_large_a_orange_blindwall.json' missing model for variant: 'yuushya:audio_large_a_orange_blindwall#facing=west,form=2,waterlogged=true'
[02:20:06] [Worker-Main-12/WARN]: Exception loading blockstate definition: 'yuushya:blockstates/audio_large_a_orange_blindwall.json' missing model for variant: 'yuushya:audio_large_a_orange_blindwall#facing=north,form=2,waterlogged=false'
[02:20:06] [Worker-Main-12/WARN]: Exception loading blockstate definition: 'yuushya:blockstates/audio_large_a_orange_blindwall.json' missing model for variant: 'yuushya:audio_large_a_orange_blindwall#facing=south,form=2,waterlogged=true'
[02:20:06] [Worker-Main-12/WARN]: Exception loading blockstate definition: 'yuushya:blockstates/audio_large_a_orange_blindwall.json' missing model for variant: 'yuushya:audio_large_a_orange_blindwall#facing=east,form=2,waterlogged=true'
[02:20:06] [Worker-Main-12/WARN]: Exception loading blockstate definition: 'yuushya:blockstates/audio_large_a_orange_blindwall.json' missing model for variant: 'yuushya:audio_large_a_orange_blindwall#facing=west,form=2,waterlogged=false'
[02:20:06] [Worker-Main-12/WARN]: Exception loading blockstate definition: 'yuushya:blockstates/audio_large_a_pink_blindwall.json' missing model for variant: 'yuushya:audio_large_a_pink_blindwall#facing=west,form=2,waterlogged=false'
[02:20:06] [Worker-Main-12/WARN]: Exception loading blockstate definition: 'yuushya:blockstates/audio_large_a_pink_blindwall.json' missing model for variant: 'yuushya:audio_large_a_pink_blindwall#facing=south,form=2,waterlogged=true'
[02:20:06] [Worker-Main-12/WARN]: Exception loading blockstate definition: 'yuushya:blockstates/audio_large_a_pink_blindwall.json' missing model for variant: 'yuushya:audio_large_a_pink_blindwall#facing=south,form=2,waterlogged=false'
[02:20:06] [Worker-Main-12/WARN]: Exception loading blockstate definition: 'yuushya:blockstates/audio_large_a_pink_blindwall.json' missing model for variant: 'yuushya:audio_large_a_pink_blindwall#facing=north,form=2,waterlogged=false'
[02:20:06] [Worker-Main-12/WARN]: Exception loading blockstate definition: 'yuushya:blockstates/audio_large_a_pink_blindwall.json' missing model for variant: 'yuushya:audio_large_a_pink_blindwall#facing=east,form=2,waterlogged=true'
[02:20:06] [Worker-Main-12/WARN]: Exception loading blockstate definition: 'yuushya:blockstates/audio_large_a_pink_blindwall.json' missing model for variant: 'yuushya:audio_large_a_pink_blindwall#facing=north,form=2,waterlogged=true'
[02:20:06] [Worker-Main-12/WARN]: Exception loading blockstate definition: 'yuushya:blockstates/audio_large_a_pink_blindwall.json' missing model for variant: 'yuushya:audio_large_a_pink_blindwall#facing=east,form=2,waterlogged=false'
[02:20:06] [Worker-Main-12/WARN]: Exception loading blockstate definition: 'yuushya:blockstates/audio_large_a_pink_blindwall.json' missing model for variant: 'yuushya:audio_large_a_pink_blindwall#facing=west,form=2,waterlogged=true'
[02:20:06] [Worker-Main-12/WARN]: Exception loading blockstate definition: 'yuushya:blockstates/audio_large_a_purple_blindwall.json' missing model for variant: 'yuushya:audio_large_a_purple_blindwall#facing=north,form=2,waterlogged=false'
[02:20:06] [Worker-Main-12/WARN]: Exception loading blockstate definition: 'yuushya:blockstates/audio_large_a_purple_blindwall.json' missing model for variant: 'yuushya:audio_large_a_purple_blindwall#facing=south,form=2,waterlogged=true'
[02:20:06] [Worker-Main-12/WARN]: Exception loading blockstate definition: 'yuushya:blockstates/audio_large_a_purple_blindwall.json' missing model for variant: 'yuushya:audio_large_a_purple_blindwall#facing=west,form=2,waterlogged=false'
[02:20:06] [Worker-Main-12/WARN]: Exception loading blockstate definition: 'yuushya:blockstates/audio_large_a_purple_blindwall.json' missing model for variant: 'yuushya:audio_large_a_purple_blindwall#facing=north,form=2,waterlogged=true'
[02:20:06] [Worker-Main-12/WARN]: Exception loading blockstate definition: 'yuushya:blockstates/audio_large_a_purple_blindwall.json' missing model for variant: 'yuushya:audio_large_a_purple_blindwall#facing=east,form=2,waterlogged=false'
[02:20:06] [Worker-Main-12/WARN]: Exception loading blockstate definition: 'yuushya:blockstates/audio_large_a_purple_blindwall.json' missing model for variant: 'yuushya:audio_large_a_purple_blindwall#facing=south,form=2,waterlogged=false'
[02:20:06] [Worker-Main-12/WARN]: Exception loading blockstate definition: 'yuushya:blockstates/audio_large_a_purple_blindwall.json' missing model for variant: 'yuushya:audio_large_a_purple_blindwall#facing=west,form=2,waterlogged=true'
[02:20:06] [Worker-Main-12/WARN]: Exception loading blockstate definition: 'yuushya:blockstates/audio_large_a_purple_blindwall.json' missing model for variant: 'yuushya:audio_large_a_purple_blindwall#facing=east,form=2,waterlogged=true'
[02:20:06] [Worker-Main-12/WARN]: Exception loading blockstate definition: 'yuushya:blockstates/audio_large_a_red_blindwall.json' missing model for variant: 'yuushya:audio_large_a_red_blindwall#facing=north,form=2,waterlogged=false'
[02:20:06] [Worker-Main-12/WARN]: Exception loading blockstate definition: 'yuushya:blockstates/audio_large_a_red_blindwall.json' missing model for variant: 'yuushya:audio_large_a_red_blindwall#facing=west,form=2,waterlogged=true'
[02:20:06] [Worker-Main-12/WARN]: Exception loading blockstate definition: 'yuushya:blockstates/audio_large_a_red_blindwall.json' missing model for variant: 'yuushya:audio_large_a_red_blindwall#facing=west,form=2,waterlogged=false'
[02:20:06] [Worker-Main-12/WARN]: Exception loading blockstate definition: 'yuushya:blockstates/audio_large_a_red_blindwall.json' missing model for variant: 'yuushya:audio_large_a_red_blindwall#facing=south,form=2,waterlogged=false'
[02:20:06] [Worker-Main-12/WARN]: Exception loading blockstate definition: 'yuushya:blockstates/audio_large_a_red_blindwall.json' missing model for variant: 'yuushya:audio_large_a_red_blindwall#facing=south,form=2,waterlogged=true'
[02:20:06] [Worker-Main-12/WARN]: Exception loading blockstate definition: 'yuushya:blockstates/audio_large_a_red_blindwall.json' missing model for variant: 'yuushya:audio_large_a_red_blindwall#facing=east,form=2,waterlogged=true'
[02:20:06] [Worker-Main-12/WARN]: Exception loading blockstate definition: 'yuushya:blockstates/audio_large_a_red_blindwall.json' missing model for variant: 'yuushya:audio_large_a_red_blindwall#facing=north,form=2,waterlogged=true'
[02:20:06] [Worker-Main-12/WARN]: Exception loading blockstate definition: 'yuushya:blockstates/audio_large_a_red_blindwall.json' missing model for variant: 'yuushya:audio_large_a_red_blindwall#facing=east,form=2,waterlogged=false'
[02:20:06] [Worker-Main-12/WARN]: Exception loading blockstate definition: 'yuushya:blockstates/audio_large_a_white_blindwall.json' missing model for variant: 'yuushya:audio_large_a_white_blindwall#facing=north,form=2,waterlogged=true'
[02:20:06] [Worker-Main-12/WARN]: Exception loading blockstate definition: 'yuushya:blockstates/audio_large_a_white_blindwall.json' missing model for variant: 'yuushya:audio_large_a_white_blindwall#facing=east,form=2,waterlogged=false'
[02:20:06] [Worker-Main-12/WARN]: Exception loading blockstate definition: 'yuushya:blockstates/audio_large_a_white_blindwall.json' missing model for variant: 'yuushya:audio_large_a_white_blindwall#facing=north,form=2,waterlogged=false'
[02:20:06] [Worker-Main-12/WARN]: Exception loading blockstate definition: 'yuushya:blockstates/audio_large_a_white_blindwall.json' missing model for variant: 'yuushya:audio_large_a_white_blindwall#facing=west,form=2,waterlogged=false'
[02:20:06] [Worker-Main-12/WARN]: Exception loading blockstate definition: 'yuushya:blockstates/audio_large_a_white_blindwall.json' missing model for variant: 'yuushya:audio_large_a_white_blindwall#facing=south,form=2,waterlogged=true'
[02:20:06] [Worker-Main-12/WARN]: Exception loading blockstate definition: 'yuushya:blockstates/audio_large_a_white_blindwall.json' missing model for variant: 'yuushya:audio_large_a_white_blindwall#facing=east,form=2,waterlogged=true'
[02:20:06] [Worker-Main-12/WARN]: Exception loading blockstate definition: 'yuushya:blockstates/audio_large_a_white_blindwall.json' missing model for variant: 'yuushya:audio_large_a_white_blindwall#facing=west,form=2,waterlogged=true'
[02:20:06] [Worker-Main-12/WARN]: Exception loading blockstate definition: 'yuushya:blockstates/audio_large_a_white_blindwall.json' missing model for variant: 'yuushya:audio_large_a_white_blindwall#facing=south,form=2,waterlogged=false'
[02:20:06] [Worker-Main-12/WARN]: Exception loading blockstate definition: 'yuushya:blockstates/audio_large_a_yellow_blindwall.json' missing model for variant: 'yuushya:audio_large_a_yellow_blindwall#facing=north,form=2,waterlogged=true'
[02:20:06] [Worker-Main-12/WARN]: Exception loading blockstate definition: 'yuushya:blockstates/audio_large_a_yellow_blindwall.json' missing model for variant: 'yuushya:audio_large_a_yellow_blindwall#facing=north,form=2,waterlogged=false'
[02:20:06] [Worker-Main-12/WARN]: Exception loading blockstate definition: 'yuushya:blockstates/audio_large_a_yellow_blindwall.json' missing model for variant: 'yuushya:audio_large_a_yellow_blindwall#facing=west,form=2,waterlogged=false'
[02:20:06] [Worker-Main-12/WARN]: Exception loading blockstate definition: 'yuushya:blockstates/audio_large_a_yellow_blindwall.json' missing model for variant: 'yuushya:audio_large_a_yellow_blindwall#facing=south,form=2,waterlogged=true'
[02:20:06] [Worker-Main-12/WARN]: Exception loading blockstate definition: 'yuushya:blockstates/audio_large_a_yellow_blindwall.json' missing model for variant: 'yuushya:audio_large_a_yellow_blindwall#facing=east,form=2,waterlogged=true'
[02:20:06] [Worker-Main-12/WARN]: Exception loading blockstate definition: 'yuushya:blockstates/audio_large_a_yellow_blindwall.json' missing model for variant: 'yuushya:audio_large_a_yellow_blindwall#facing=south,form=2,waterlogged=false'
[02:20:06] [Worker-Main-12/WARN]: Exception loading blockstate definition: 'yuushya:blockstates/audio_large_a_yellow_blindwall.json' missing model for variant: 'yuushya:audio_large_a_yellow_blindwall#facing=west,form=2,waterlogged=true'
[02:20:06] [Worker-Main-12/WARN]: Exception loading blockstate definition: 'yuushya:blockstates/audio_large_a_yellow_blindwall.json' missing model for variant: 'yuushya:audio_large_a_yellow_blindwall#facing=east,form=2,waterlogged=false'
[02:20:06] [Worker-Main-12/WARN]: Unable to load model: 'mts:mtsofficialpack.glovebox_skyhawk#inventory' referenced from: mts:mtsofficialpack.glovebox_skyhawk#inventory: java.io.FileNotFoundException: mts:models/item/mtsofficialpack.glovebox_skyhawk.json
[02:20:06] [Worker-Main-12/WARN]: Unable to load model: 'mts:mtsofficialpack.gloveboxscout#inventory' referenced from: mts:mtsofficialpack.gloveboxscout#inventory: java.io.FileNotFoundException: mts:models/item/mtsofficialpack.gloveboxscout.json
[02:20:06] [Worker-Main-12/WARN]: Unable to load model: 'mts:mtsofficialpack.mirrorornament_wheel#inventory' referenced from: mts:mtsofficialpack.mirrorornament_wheel#inventory: java.io.FileNotFoundException: mts:models/item/mtsofficialpack.mirrorornament_wheel.json
[02:20:06] [Worker-Main-12/WARN]: Unable to load model: 'mts:oamp.ecoline_white#inventory' referenced from: mts:oamp.ecoline_white#inventory: java.io.FileNotFoundException: mts:models/item/oamp.ecoline_white.json
[02:20:06] [Worker-Main-12/WARN]: Unable to load model: 'mts:oamp.vwbus_red#inventory' referenced from: mts:oamp.vwbus_red#inventory: java.io.FileNotFoundException: mts:models/item/oamp.vwbus_red.json
[02:20:06] [Worker-Main-12/WARN]: Unable to load model: 'mts:oamp.enginehighwaymanv8#inventory' referenced from: mts:oamp.enginehighwaymanv8#inventory: java.io.FileNotFoundException: mts:models/item/oamp.enginehighwaymanv8.json
[02:20:06] [Worker-Main-12/WARN]: Unable to load model: 'mts:oamp.engineikarus#inventory' referenced from: mts:oamp.engineikarus#inventory: java.io.FileNotFoundException: mts:models/item/oamp.engineikarus.json
[02:20:06] [Worker-Main-12/WARN]: Unable to load model: 'mts:oamp.luggage_suitcase#inventory' referenced from: mts:oamp.luggage_suitcase#inventory: java.io.FileNotFoundException: mts:models/item/oamp.luggage_suitcase.json
[02:20:06] [Worker-Main-12/WARN]: Unable to load model: 'pointblank:ammodefault#inventory' referenced from: pointblank:ammodefault#inventory: java.io.FileNotFoundException: pointblank:models/item/ammodefault.json
[02:20:06] [Worker-Main-12/WARN]: Unable to load model: 'minecraft:amanosakahoko' referenced from: jujutsucraft:inverted_spear_of_heaven#inventory: java.io.FileNotFoundException: minecraft:models/amanosakahoko.json
[02:20:06] [Worker-Main-12/WARN]: Unable to load model: 'minecraft:loudspeaker_inumaki' referenced from: jujutsucraft:loudspeaker#inventory: java.io.FileNotFoundException: minecraft:models/loudspeaker_inumaki.json
[02:20:06] [Worker-Main-12/WARN]: Unable to load model: 'minecraft:jugu' referenced from: jujutsucraft:sword_black#inventory: java.io.FileNotFoundException: minecraft:models/jugu.json
[02:20:06] [Worker-Main-12/WARN]: Unable to load model: 'minecraft:hanami_hand' referenced from: jujutsucraft:hanami_hand#inventory: java.io.FileNotFoundException: minecraft:models/hanami_hand.json
[02:20:06] [Worker-Main-12/WARN]: Unable to load model: 'minecraft:dragon_bone' referenced from: jujutsucraft:dragon_bone#inventory: java.io.FileNotFoundException: minecraft:models/dragon_bone.json
[02:20:06] [Worker-Main-12/WARN]: Unable to load model: 'minecraft:nichirintou2' referenced from: jujutsucraft:g_staff#inventory: java.io.FileNotFoundException: minecraft:models/nichirintou2.json
[02:20:06] [Worker-Main-12/WARN]: Unable to load model: 'minecraft:broom' referenced from: jujutsucraft:broom#inventory: java.io.FileNotFoundException: minecraft:models/broom.json
[02:20:06] [Worker-Main-12/WARN]: Unable to load model: 'jjkblueredpurple:yuta_finger#inventory' referenced from: jjkblueredpurple:yuta_finger#inventory: java.io.FileNotFoundException: jjkblueredpurple:models/item/yuta_finger.json
[02:20:06] [Worker-Main-12/WARN]: Unable to load model: 'jjkblueredpurple:yuta_hand#inventory' referenced from: jjkblueredpurple:yuta_hand#inventory: java.io.FileNotFoundException: jjkblueredpurple:models/item/yuta_hand.json
[02:20:06] [Worker-Main-12/WARN]: Unable to load model: 'minecraft:mythical_beast_amber' referenced from: jujutsucrafts:vibra_slap#inventory: java.io.FileNotFoundException: minecraft:models/mythical_beast_amber.json
[02:20:06] [Worker-Main-12/WARN]: Unable to load model: 'jujutsucrafts:custom/naginata_fur' referenced from: jujutsucrafts:naginata_fur#inventory: java.io.FileNotFoundException: jujutsucrafts:models/custom/naginata_fur.json
[02:20:06] [Worker-Main-12/WARN]: Unable to load model: 'minecraft:old_hammer' referenced from: jujutsucraftv:old_hammer#inventory: java.io.FileNotFoundException: minecraft:models/old_hammer.json
[02:20:06] [Worker-Main-12/WARN]: Unable to load model: 'minecraft:iron_great_sword' referenced from: jujutsucraftv:iron_great_sword#inventory: java.io.FileNotFoundException: minecraft:models/iron_great_sword.json
[02:20:06] [Worker-Main-12/WARN]: Unable to load model: 'minecraft:wooden_tonfa' referenced from: jujutsucraftv:wooden_tonfa#inventory: java.io.FileNotFoundException: minecraft:models/wooden_tonfa.json
[02:20:06] [Worker-Main-12/WARN]: Unable to load model: 'minecraft:akuroou_axe' referenced from: jujutsucraftv:akuro_o_otake_axe#inventory: java.io.FileNotFoundException: minecraft:models/akuroou_axe.json
[02:20:06] [Worker-Main-12/WARN]: Unable to load model: 'minecraft:sword_samurai_armor' referenced from: jujutsucraftv:sword_samurai_in_armor#inventory: java.io.FileNotFoundException: minecraft:models/sword_samurai_armor.json
[02:20:06] [Worker-Main-12/WARN]: Unable to load model: 'minecraft:nanami_necktie' referenced from: jujutsucraftv:nanami_necktie#inventory: java.io.FileNotFoundException: minecraft:models/nanami_necktie.json
[02:20:06] [Worker-Main-12/WARN]: Unable to load model: 'minecraft:meat_hummer' referenced from: jujutsucraftv:meat_hammer#inventory: java.io.FileNotFoundException: minecraft:models/meat_hummer.json
[02:20:06] [Worker-Main-12/WARN]: Unable to load model: 'minecraft:nanako_smartphone' referenced from: jujutsucraftv:nanako_smartphone#inventory: java.io.FileNotFoundException: minecraft:models/nanako_smartphone.json
[02:20:06] [Worker-Main-12/WARN]: Unable to load model: 'minecraft:knife_kukuru' referenced from: jujutsucraftv:knife_kukuru#inventory: java.io.FileNotFoundException: minecraft:models/knife_kukuru.json
[02:20:06] [Worker-Main-12/WARN]: Unable to load model: 'minecraft:sword_zenin_nobuaki' referenced from: jujutsucraftv:sword_nobuaki#inventory: java.io.FileNotFoundException: minecraft:models/sword_zenin_nobuaki.json
[02:20:06] [Worker-Main-12/WARN]: Unable to load model: 'minecraft:sword_maruru' referenced from: jujutsucraftv:sword_maruru#inventory: java.io.FileNotFoundException: minecraft:models/sword_maruru.json
[02:20:06] [Worker-Main-12/WARN]: Unable to load model: 'minecraft:sword_cross' referenced from: jujutsucraftv:sword_cross#inventory: java.io.FileNotFoundException: minecraft:models/sword_cross.json
[02:20:06] [Worker-Main-12/WARN]: Unable to load model: 'minecraft:cursedtool_fan_of_souls' referenced from: jujutsucraftv:viridian_sway#inventory: java.io.FileNotFoundException: minecraft:models/cursedtool_fan_of_souls.json
[02:20:06] [Worker-Main-12/WARN]: Unable to load model: 'minecraft:yakumaru_gun' referenced from: jujutsucraftv:yakumaru_weapon#inventory: java.io.FileNotFoundException: minecraft:models/yakumaru_gun.json
[02:20:06] [Worker-Main-12/WARN]: Unable to load model: 'minecraft:rindou_fist' referenced from: jujutsucraftv:rindou_cursed_cloth#inventory: java.io.FileNotFoundException: minecraft:models/rindou_fist.json
[02:20:06] [Worker-Main-12/WARN]: Unable to load model: 'minecraft:pistol' referenced from: jujutsucraftv:hand_gun#inventory: java.io.FileNotFoundException: minecraft:models/pistol.json
[02:20:06] [Worker-Main-12/WARN]: Unable to load model: 'minecraft:blood_soaked_bandage' referenced from: jujutsucraftv:blood_soaked_bandage#inventory: java.io.FileNotFoundException: minecraft:models/blood_soaked_bandage.json
[02:20:06] [Worker-Main-12/WARN]: Unable to load model: 'minecraft:demon_sword_bracelet_superhuman_strength' referenced from: jujutsucraftv:demon_sword_bracelet_superhuman_strength#inventory: java.io.FileNotFoundException: minecraft:models/demon_sword_bracelet_superhuman_strength.json
[02:20:06] [Worker-Main-12/WARN]: Unable to load model: 'minecraft:cleaver' referenced from: jujutsucraftv:cleaver#inventory: java.io.FileNotFoundException: minecraft:models/cleaver.json
[02:20:06] [Worker-Main-12/WARN]: Unable to load model: 'minecraft:cleaver_kakuron' referenced from: jujutsucraftv:kakuron_cleaver#inventory: java.io.FileNotFoundException: minecraft:models/cleaver_kakuron.json
[02:20:07] [Render thread/INFO]: JJK NPC Buff network registered!
[02:20:07] [Render thread/INFO]: Initialized color sets in 63ms
[02:20:07] [Render thread/INFO]: [JJKHunterWorld] Loaded 3 entity profiles.
[02:20:07] [Render thread/INFO]: [JJKHunterWorld] Sistema elemental inicializado.
[02:20:07] [Render thread/INFO]: Loaded 18 missions from config
[02:20:07] [Worker-Main-14/INFO]: [LambDynLights] Initializing SodiumDynamicLights...
[02:20:07] [Worker-Main-8/INFO]: Initializing Distant Horizons client, firing DhApiBeforeDhInitEvent...
[02:20:07] [Worker-Main-15/INFO]: Compatibility with Player Animator version 1.0.2-rc1+1.20 enabled
[02:20:08] [Worker-Main-8/INFO]: Running library validation...
[02:20:08] [Render thread/WARN]: Shader moreplayermodels:position_tex_normal could not find uniform named FogStart in the specified shader program.
[02:20:08] [Render thread/WARN]: Shader moreplayermodels:position_tex_normal could not find uniform named FogEnd in the specified shader program.
[02:20:08] [Render thread/WARN]: Shader moreplayermodels:position_tex_normal could not find uniform named FogColor in the specified shader program.
[02:20:09] [Worker-Main-12/WARN]: Missing textures in model yuushya:decorated_refrigerator#facing=west,form=1,pos=middle,waterlogged=false:
    minecraft:textures/atlas/blocks.png:minecraft:block/black_concrete_
[02:20:09] [Worker-Main-12/WARN]: Missing textures in model jujutsucrafts:cursed_doll#inventory:
    minecraft:textures/atlas/blocks.png:minecraft:item/dool
[02:20:09] [Worker-Main-12/WARN]: Missing textures in model jujutsucrafts:kogane#inventory:
    minecraft:textures/atlas/blocks.png:minecraft:item/kogane
[02:20:09] [Worker-Main-12/WARN]: Missing textures in model customnpcs:npccarpentybench#inventory:
    minecraft:textures/atlas/blocks.png:customnpcs:block/carpentrybench
[02:20:09] [Worker-Main-12/WARN]: Missing textures in model jujutsucraft:death_painting#inventory:
    minecraft:textures/atlas/blocks.png:minecraft:item/death_paintings
[02:20:09] [Worker-Main-12/WARN]: Missing textures in model customnpcs:npcmailbox3#inventory:
    minecraft:textures/atlas/blocks.png:customnpcs:blocks/mailbox3
[02:20:09] [Worker-Main-12/WARN]: Missing textures in model jujutsucrafts:cursed_sword_bracelet#inventory:
    minecraft:textures/atlas/blocks.png:minecraft:item/bracelet
[02:20:09] [Worker-Main-12/WARN]: Missing textures in model customnpcs:npcmailbox2#inventory:
    minecraft:textures/atlas/blocks.png:customnpcs:blocks/mailbox2
[02:20:09] [Worker-Main-12/WARN]: Missing textures in model jujutsucrafts:phone_nanako#inventory:
    minecraft:textures/atlas/blocks.png:minecraft:item/phone
[02:20:09] [Worker-Main-12/WARN]: Missing textures in model cnpc_contentback:sofa#facing=east:
    minecraft:textures/atlas/blocks.png:cnpc_contentback:block/
[02:20:09] [Worker-Main-12/WARN]: Missing textures in model jujutsucraftv:night_of_fire_art#inventory:
    minecraft:textures/atlas/blocks.png:minecraft:item/night_of_fire_art
[02:20:09] [Worker-Main-12/WARN]: Missing textures in model jujutsucraftv:chain_of_a_thousand_miles#inventory:
    minecraft:textures/atlas/blocks.png:minecraft:item/chain_of_a_thousand_miles
[02:20:09] [Worker-Main-12/WARN]: Missing textures in model cnpc_contentback:sledge_hammer#inventory:
    minecraft:textures/atlas/blocks.png:cnpc_contentback:item/npcsledgehammer
[02:20:09] [Worker-Main-12/WARN]: Missing textures in model jujutsucraftv:electric_guitar#inventory:
    minecraft:textures/atlas/blocks.png:minecraft:item/electric_guitar
[02:20:09] [Worker-Main-12/WARN]: Missing textures in model jujutsucrafts:prison_realm#inventory:
    minecraft:textures/atlas/blocks.png:minecraft:item/prison_relam_red
[02:20:09] [Worker-Main-12/WARN]: Missing textures in model jujutsucraftv:sharpened_playful_cloud#inventory:
    minecraft:textures/atlas/blocks.png:minecraft:item/playful_cloud
[02:20:09] [Worker-Main-12/WARN]: Missing textures in model yuushya:knife_rest#facing=west,waterlogged=false:
    minecraft:textures/atlas/blocks.png:minecraft:block/dark_concrete
[02:20:09] [Worker-Main-12/WARN]: Missing textures in model yuushya:knife_rest#facing=east,waterlogged=false:
    minecraft:textures/atlas/blocks.png:minecraft:block/dark_concrete
[02:20:09] [Worker-Main-12/WARN]: Missing textures in model cnpc_contentback:sofa#facing=west:
    minecraft:textures/atlas/blocks.png:cnpc_contentback:block/
[02:20:09] [Worker-Main-12/WARN]: Missing textures in model jujutsucrafts:sharpened_playful_cloud#inventory:
    minecraft:textures/atlas/blocks.png:minecraft:item/playful_cloud
[02:20:09] [Worker-Main-12/WARN]: Missing textures in model cnpc_contentback:sofa#inventory:
    minecraft:textures/atlas/blocks.png:cnpc_contentback:block/
[02:20:09] [Worker-Main-12/WARN]: Missing textures in model jujutsucrafts:remnant_flame_sword#inventory:
    minecraft:textures/atlas/blocks.png:minecraft:item/zanka_no_tachi
[02:20:09] [Worker-Main-12/WARN]: Missing textures in model jujutsucrafts:complete_inspote_spear_of_heaven#inventory:
    minecraft:textures/atlas/blocks.png:minecraft:item/isoh
[02:20:09] [Worker-Main-12/WARN]: Missing textures in model jujutsucraftv:vibraslap#inventory:
    minecraft:textures/atlas/blocks.png:minecraft:item/vibraslap
[02:20:09] [Worker-Main-12/WARN]: Missing textures in model yuushya:decorated_refrigerator#facing=north,form=1,pos=middle,waterlogged=true:
    minecraft:textures/atlas/blocks.png:minecraft:block/black_concrete_
[02:20:09] [Worker-Main-12/WARN]: Missing textures in model cnpc_contentback:sofa#facing=north:
    minecraft:textures/atlas/blocks.png:cnpc_contentback:block/
[02:20:09] [Worker-Main-12/WARN]: Missing textures in model customnpcs:npcmailbox#inventory:
    minecraft:textures/atlas/blocks.png:customnpcs:blocks/mailbox1
[02:20:09] [Worker-Main-12/WARN]: Missing textures in model yuushya:decorated_refrigerator#facing=south,form=1,pos=middle,waterlogged=false:
    minecraft:textures/atlas/blocks.png:minecraft:block/black_concrete_
[02:20:09] [Worker-Main-12/WARN]: Missing textures in model mts:oamp.cagouille_pinkish#inventory:
    minecraft:textures/atlas/blocks.png:oamp:item/cagouille_pinkish
[02:20:09] [Worker-Main-12/WARN]: Missing textures in model jujutsucrafts:axe_juzo#inventory:
    minecraft:textures/atlas/blocks.png:jujutsucrafts:block/
[02:20:09] [Worker-Main-12/WARN]: Missing textures in model jujutsucraft:playful_cloud#inventory:
    minecraft:textures/atlas/blocks.png:minecraft:item/playful_cloud
[02:20:09] [Worker-Main-12/WARN]: Missing textures in model jujutsucrafts:gods_cloud_sword#inventory:
    minecraft:textures/atlas/blocks.png:minecraft:item/godscloudsword
[02:20:09] [Worker-Main-12/WARN]: Missing textures in model yuushya:knife_rest#inventory:
    minecraft:textures/atlas/blocks.png:minecraft:block/dark_concrete
[02:20:09] [Worker-Main-12/WARN]: Missing textures in model jujutsucraft:black_rope#inventory:
    minecraft:textures/atlas/blocks.png:minecraft:item/hair_black
[02:20:09] [Worker-Main-12/WARN]: Missing textures in model cnpc_contentback:sofa#facing=south:
    minecraft:textures/atlas/blocks.png:cnpc_contentback:block/
[02:20:09] [Worker-Main-12/WARN]: Missing textures in model yuushya:butterfly#inventory:
    minecraft:textures/atlas/blocks.png:yuushya:0extra_building_material/preview/character_black_blur
[02:20:09] [Worker-Main-12/WARN]: Missing textures in model jujutsucrafts:item_tengen#inventory:
    minecraft:textures/atlas/blocks.png:minecraft:item/tengenitem
[02:20:09] [Worker-Main-12/WARN]: Missing textures in model yuushya:knife_rest#facing=south,waterlogged=false:
    minecraft:textures/atlas/blocks.png:minecraft:block/dark_concrete
[02:20:09] [Worker-Main-12/WARN]: Missing textures in model yuushya:knife_rest#facing=north,waterlogged=true:
    minecraft:textures/atlas/blocks.png:minecraft:block/dark_concrete
[02:20:09] [Worker-Main-12/WARN]: Missing textures in model yuushya:decorated_refrigerator#facing=east,form=1,pos=middle,waterlogged=true:
    minecraft:textures/atlas/blocks.png:minecraft:block/black_concrete_
[02:20:09] [Worker-Main-12/WARN]: Missing textures in model jujutsucraftv:combined_chain_of_a_thousand_miles_and_inverted_spear_of_heaven#inventory:
    minecraft:textures/atlas/blocks.png:minecraft:item/combine_chain_of_a_thousand_miles
[02:20:11] [Worker-Main-8/INFO]: Garbage collectors: [G1 Young Generation, G1 Old Generation]
[02:20:11] [Worker-Main-8/WARN]: Distant Horizons: G1 Garbage collector detected. 
This garbage collector can cause FPS stuttering. 
It's recommended to use a concurrent garbage collector 
like ZGC (Java 21+) or Shenandoah (Java 8 through 17) for a smoother experience. 

[02:20:11] [Worker-Main-8/INFO]: Distant Horizons, Version: 2.4.3-b-dev
[02:20:11] [Worker-Main-8/INFO]: DH Branch: main
[02:20:11] [Worker-Main-8/INFO]: DH Commit: f89f11b84b9bd2c5eedf33bf652baafc5da42787
[02:20:11] [Worker-Main-8/INFO]: DH Jar Build Source: User
[02:20:11] [Worker-Main-8/INFO]: Skipping mod compatibility accessor for: [optifine]
[02:20:11] [Worker-Main-8/INFO]: Oculus support enabled.
[02:20:11] [Worker-Main-8/INFO]: Registered mod compatibility accessor for: [oculus].
[02:20:11] [Worker-Main-8/INFO]: Initialising config for [DistantHorizons]
[02:20:11] [Worker-Main-8/INFO]: Revalidating thread config for current machine. Preset: [BALANCED], CPU cores: [16]
[02:20:11] [Worker-Main-8/INFO]: Thread config revalidated. numberOfThreads: [8], threadRunTimeRatio: [1.0]
[02:20:11] [Worker-Main-8/INFO]: [DistantHorizons] Config initialised
[02:20:11] [Worker-Main-8/INFO]: Applying config to loggers
[02:20:11] [Worker-Main-8/INFO]: Distant Horizons client Initialized.
[02:20:11] [Worker-Main-8/INFO]: Running Delayed setup...
[02:20:11] [Worker-Main-8/INFO]: Delayed setup complete, firing DhApiAfterDhInitEvent event...
[02:20:11] [Worker-Main-8/INFO]: DH Ready, binding Iris event handlers...
[02:20:11] [Worker-Main-8/INFO]: DH Iris events bound.
[02:20:12] [Render thread/WARN]: [Computer Shader Acceleration] OpenGL Version: 4.6.0 NVIDIA 560.94
[02:20:12] [Render thread/WARN]: [Computer Shader Acceleration] Compute Shader: Supported
[02:20:12] [Render thread/INFO]: Shaders are disabled because enableShaders is set to false in iris.properties
[02:20:12] [Render thread/INFO]: Shaders are disabled
[02:20:12] [Worker-Main-2/INFO]: Registering plugin for Epic Fight (epicfight)
[02:20:12] [Worker-Main-2/INFO]: Epic Fight TPS mode has been disabled due to a mod conflict with Shoulder Surfing
[02:20:12] [Worker-Main-2/INFO]: Registering plugin for Shoulder Surfing Reloaded (shouldersurfing)
[02:20:12] [Worker-Main-2/INFO]: Registering compatibility callback for Curios
[02:20:12] [Worker-Main-2/INFO]: Registering plugin for ParCool! (parcool)
[02:20:12] [Worker-Main-2/INFO]: Freezing plugin registrar
[02:20:17] [modloading-worker-0/INFO]: Data keys [epicfight:combo_counter, epicfight:basic_attack_active] for epicfight:basic_attack
[02:20:17] [modloading-worker-0/INFO]: Data keys [epicfight:penalty_restore_counter, epicfight:penalty] for epicfight:guard
[02:20:17] [modloading-worker-0/INFO]: Data keys [epicfight:penalty_restore_counter, epicfight:penalty, epicfight:parry_motion_counter, epicfight:last_active] for epicfight:parrying
[02:20:17] [modloading-worker-0/INFO]: Data keys [epicfight:penalty_restore_counter, epicfight:penalty] for epicfight:impact_guard
[02:20:17] [modloading-worker-0/INFO]: Data keys [epicfight:resisting_damage_type, epicfight:tick_record, epicfight:stacks] for epicfight:adaptive_skin
[02:20:17] [modloading-worker-0/INFO]: Data keys [epicfight:tick_record] for epicfight:adrenaline_fiend
[02:20:17] [modloading-worker-0/INFO]: Data keys [epicfight:entity_id, epicfight:stacks] for epicfight:bonebreaker
[02:20:17] [modloading-worker-0/INFO]: Data keys [epicfight:tick_record, epicfight:entity_id] for epicfight:vengeance
[02:20:17] [modloading-worker-0/INFO]: Data keys [epicfight:fall_distance, epicfight:slam_protect_next_fall] for epicfight:meteor_slam
[02:20:17] [modloading-worker-0/INFO]: Data keys [epicfight:stacks] for epicfight:revelation
[02:20:17] [modloading-worker-0/INFO]: Data keys [epicfight:slam_protect_next_fall] for epicfight:demolition_leap
[02:20:17] [modloading-worker-0/INFO]: Data keys [epicfight:jump_key_pressed_last_tick, epicfight:jump_count, epicfight:slam_protect_next_fall] for epicfight:phantom_ascent
[02:20:17] [modloading-worker-0/INFO]: Data keys [epicfight:last_hit_count] for epicfight:grasping_spire
[02:20:17] [modloading-worker-0/INFO]: Data keys [epicfight:sheath] for epicfight:battojutsu_passive
[02:20:17] [modloading-worker-0/INFO]: Data keys [epicfight:sheath] for epicfight:battojutsu
[02:20:17] [modloading-worker-0/INFO]: Data keys [epicfight:combo_counter] for epicfight:blade_rush
[02:20:17] [modloading-worker-0/INFO]: Data keys [epicfight:thrown_trident_entity_id] for epicfight:everlasting_allegiance
[02:20:19] [Render thread/WARN]: Missing sound for event: minecraft:item.goat_horn.play
[02:20:19] [Render thread/WARN]: Missing sound for event: minecraft:entity.goat.screaming.horn_break
[02:20:20] [Render thread/INFO]: OpenAL initialized on device OpenAL Soft on Realtek HD Audio 2nd output (Realtek(R) Audio)
[02:20:20] [Render thread/INFO]: Sound engine started
[02:20:20] [Render thread/INFO]: Created: 8192x8192x4 minecraft:textures/atlas/blocks.png-atlas
[02:20:20] [Render thread/INFO]: Created: 256x256x4 minecraft:textures/atlas/signs.png-atlas
[02:20:20] [Render thread/INFO]: Created: 512x512x4 minecraft:textures/atlas/banner_patterns.png-atlas
[02:20:20] [Render thread/INFO]: Created: 512x512x4 minecraft:textures/atlas/shield_patterns.png-atlas
[02:20:20] [Render thread/INFO]: Created: 1024x1024x4 minecraft:textures/atlas/armor_trims.png-atlas
[02:20:20] [Render thread/INFO]: Created: 256x256x4 minecraft:textures/atlas/chest.png-atlas
[02:20:20] [Render thread/INFO]: Created: 128x64x4 minecraft:textures/atlas/decorated_pot.png-atlas
[02:20:20] [Render thread/INFO]: Created: 512x256x4 minecraft:textures/atlas/beds.png-atlas
[02:20:20] [Render thread/INFO]: Created: 512x256x4 minecraft:textures/atlas/shulker_boxes.png-atlas
[02:20:20] [Render thread/ERROR]: Invalid path minecraft:: Invalid path ''
[02:20:20] [Render thread/ERROR]: Invalid path minecraft:: Invalid path ''
[02:20:20] [Render thread/ERROR]: Invalid path minecraft:: Invalid path ''
[02:20:20] [Render thread/ERROR]: Invalid path minecraft:: Invalid path ''
[02:20:20] [Render thread/ERROR]: Invalid path minecraft:: Invalid path ''
[02:20:20] [Render thread/ERROR]: Invalid path minecraft:: Invalid path ''
[02:20:20] [Render thread/ERROR]: Invalid path minecraft:: Invalid path ''
[02:20:20] [Render thread/ERROR]: Invalid path minecraft:: Invalid path ''
[02:20:20] [Render thread/ERROR]: Invalid path minecraft:: Invalid path ''
[02:20:20] [Render thread/ERROR]: Invalid path minecraft:: Invalid path ''
[02:20:20] [Render thread/ERROR]: Invalid path minecraft:: Invalid path ''
[02:20:20] [Render thread/ERROR]: Invalid path minecraft:: Invalid path ''
[02:20:21] [Render thread/ERROR]: Invalid path minecraft:: Invalid path ''
[02:20:21] [Render thread/ERROR]: Invalid path minecraft:: Invalid path ''
[02:20:21] [Render thread/ERROR]: Invalid path minecraft:: Invalid path ''
[02:20:21] [Render thread/ERROR]: Invalid path minecraft:: Invalid path ''
[02:20:21] [Render thread/ERROR]: Invalid path minecraft:: Invalid path ''
[02:20:21] [Render thread/ERROR]: Invalid path minecraft:: Invalid path ''
[02:20:21] [Render thread/ERROR]: Invalid path minecraft:: Invalid path ''
[02:20:21] [Render thread/ERROR]: Invalid path minecraft:: Invalid path ''
[02:20:21] [Render thread/ERROR]: Invalid path minecraft:: Invalid path ''
[02:20:21] [Render thread/ERROR]: Invalid path minecraft:: Invalid path ''
[02:20:21] [Render thread/ERROR]: Invalid path minecraft:: Invalid path ''
[02:20:21] [Render thread/ERROR]: Invalid path minecraft:: Invalid path ''
[02:20:22] [Render thread/WARN]: Shader rendertype_entity_translucent_emissive could not find sampler named Sampler2 in the specified shader program.
[02:20:23] [Render thread/WARN]: Shader mts:mts_entity_lights could not find sampler named Sampler1 in the specified shader program.
[02:20:23] [Render thread/WARN]: Shader mts:mts_entity_lights could not find sampler named Sampler2 in the specified shader program.
[02:20:23] [Render thread/WARN]: Shader mts:mts_entity_lights could not find uniform named Light0_Direction in the specified shader program.
[02:20:23] [Render thread/WARN]: Shader mts:mts_entity_lights could not find uniform named Light1_Direction in the specified shader program.
[02:20:23] [Render thread/WARN]: Shader mts:mts_entity_cutout_noshadows could not find sampler named Sampler1 in the specified shader program.
[02:20:23] [Render thread/WARN]: Shader mts:mts_entity_cutout_noshadows could not find uniform named Light0_Direction in the specified shader program.
[02:20:23] [Render thread/WARN]: Shader mts:mts_entity_cutout_noshadows could not find uniform named Light1_Direction in the specified shader program.
[02:20:23] [Render thread/WARN]: Shader moonlight:text_alpha_color could not find sampler named Sampler2 in the specified shader program.
[02:20:23] [Render thread/WARN]: Shader moonlight:text_alpha_color could not find uniform named IViewRotMat in the specified shader program.
[02:20:23] [Render thread/INFO]: Created: 4096x8192x0 minecraft:textures/atlas/particles.png-atlas
[02:20:23] [Render thread/WARN]: Missing particle sprites: jujutsucrafts:masakado
[02:20:23] [Render thread/INFO]: Created: 256x256x0 minecraft:textures/atlas/paintings.png-atlas
[02:20:23] [Render thread/INFO]: Created: 4096x4096x0 minecraft:textures/atlas/mob_effects.png-atlas
[02:20:23] [Render thread/INFO]: Created: 256x256x0 jei:textures/atlas/gui.png-atlas
[02:20:26] [Render thread/INFO]: Created: 256x256x0 moonlight:textures/atlas/map_markers.png-atlas
[02:20:26] [Render thread/INFO]: Loaded 46 Domain Definitions.
[02:20:26] [Render thread/INFO]: Creating pipeline for dimension NamespacedId{namespace='minecraft', name='overworld'}
[02:20:26] [Render thread/WARN]: Mod(s) [oculus] are modifying Embeddium class me.jellysquid.mods.sodium.client.gl.device.GLRenderDevice$ImmediateDrawCommandList, which may cause instability.
[02:22:24] [Render thread/INFO]: Injecting existing registry data into this CLIENT instance
[02:22:26] [Render thread/INFO]: Data keys [epicfight:combo_counter, epicfight:basic_attack_active] for epicfight:basic_attack
[02:22:26] [Render thread/INFO]: Data keys [epicfight:penalty_restore_counter, epicfight:penalty] for epicfight:guard
[02:22:26] [Render thread/INFO]: Data keys [epicfight:penalty_restore_counter, epicfight:penalty, epicfight:parry_motion_counter, epicfight:last_active] for epicfight:parrying
[02:22:26] [Render thread/INFO]: Data keys [epicfight:penalty_restore_counter, epicfight:penalty] for epicfight:impact_guard
[02:22:26] [Render thread/INFO]: Data keys [epicfight:resisting_damage_type, epicfight:tick_record, epicfight:stacks] for epicfight:adaptive_skin
[02:22:26] [Render thread/INFO]: Data keys [epicfight:tick_record] for epicfight:adrenaline_fiend
[02:22:26] [Render thread/INFO]: Data keys [epicfight:entity_id, epicfight:stacks] for epicfight:bonebreaker
[02:22:26] [Render thread/INFO]: Data keys [epicfight:tick_record, epicfight:entity_id] for epicfight:vengeance
[02:22:26] [Render thread/INFO]: Data keys [epicfight:fall_distance, epicfight:slam_protect_next_fall] for epicfight:meteor_slam
[02:22:26] [Render thread/INFO]: Data keys [epicfight:stacks] for epicfight:revelation
[02:22:26] [Render thread/INFO]: Data keys [epicfight:slam_protect_next_fall] for epicfight:demolition_leap
[02:22:26] [Render thread/INFO]: Data keys [epicfight:jump_key_pressed_last_tick, epicfight:jump_count, epicfight:slam_protect_next_fall] for epicfight:phantom_ascent
[02:22:26] [Render thread/INFO]: Data keys [epicfight:last_hit_count] for epicfight:grasping_spire
[02:22:26] [Render thread/INFO]: Data keys [epicfight:sheath] for epicfight:battojutsu_passive
[02:22:26] [Render thread/INFO]: Data keys [epicfight:sheath] for epicfight:battojutsu
[02:22:26] [Render thread/INFO]: Data keys [epicfight:combo_counter] for epicfight:blade_rush
[02:22:26] [Render thread/INFO]: Data keys [epicfight:thrown_trident_entity_id] for epicfight:everlasting_allegiance
[02:22:26] [Render thread/INFO]: Starting runtime resource generation for pack type SERVER_DATA with generators from mods [moonlight]: []
[02:22:26] [Render thread/INFO]: Finished runtime resources generation for 1 packs in a total of 0 ms
[02:22:27] [Render thread/INFO]: JJK NPC Buff commands registered!
[02:22:27] [Render thread/INFO]: [DungeonMaster] Comandos registrados.
[02:22:27] [Render thread/INFO]: Registered /showSpinHistory command
[02:22:27] [Render thread/INFO]: Registered /jjalm commands
[02:22:27] [Render thread/INFO]: Registered /vow commands
[02:22:27] [Render thread/INFO]: Registered /jjalm mission commands
[02:22:27] [Worker-Main-1/ERROR]: Couldn't load tag jujutsucraft:cant_barrage_attack as it is missing following references: jujutsucrafts:cursed_spirit_masakado (from JJSK4.3.jar)
[02:22:28] [Worker-Main-9/ERROR]: Couldn't parse element loot_tables:yuushya:blocks/painter_gift_box
com.google.gson.JsonSyntaxException: Expected name to be an item, was unknown string 'yuushya:get_lit_item'
	at net.minecraft.util.GsonHelper.m_13866_(GsonHelper.java:145) ~[client-1.20.1-20230612.114412-srg.jar%23264!/:?]
	at java.util.Optional.orElseThrow(Unknown Source) ~[?:?]
	at net.minecraft.util.GsonHelper.m_13874_(GsonHelper.java:145) ~[client-1.20.1-20230612.114412-srg.jar%23264!/:?]
	at net.minecraft.util.GsonHelper.m_13909_(GsonHelper.java:153) ~[client-1.20.1-20230612.114412-srg.jar%23264!/:?]
	at net.minecraft.world.level.storage.loot.entries.LootItem$Serializer.m_7267_(LootItem.java:55) ~[client-1.20.1-20230612.114412-srg.jar%23264!/:?]
	at net.minecraft.world.level.storage.loot.entries.LootItem$Serializer.m_7267_(LootItem.java:40) ~[client-1.20.1-20230612.114412-srg.jar%23264!/:?]
	at net.minecraft.world.level.storage.loot.entries.LootPoolSingletonContainer$Serializer.m_5921_(LootPoolSingletonContainer.java:151) ~[client-1.20.1-20230612.114412-srg.jar%23264!/:?]
	at net.minecraft.world.level.storage.loot.entries.LootPoolSingletonContainer$Serializer.m_5921_(LootPoolSingletonContainer.java:129) ~[client-1.20.1-20230612.114412-srg.jar%23264!/:?]
	at net.minecraft.world.level.storage.loot.entries.LootPoolEntryContainer$Serializer.m_7561_(LootPoolEntryContainer.java:86) ~[client-1.20.1-20230612.114412-srg.jar%23264!/:?]
	at net.minecraft.world.level.storage.loot.entries.LootPoolEntryContainer$Serializer.m_7561_(LootPoolEntryContainer.java:74) ~[client-1.20.1-20230612.114412-srg.jar%23264!/:?]
	at net.minecraft.world.level.storage.loot.GsonAdapterFactory$JsonAdapter.deserialize(GsonAdapterFactory.java:102) ~[client-1.20.1-20230612.114412-srg.jar%23264!/:?]
	at com.google.gson.internal.bind.TreeTypeAdapter.read(TreeTypeAdapter.java:76) ~[gson-2.10.jar%23107!/:?]
	at com.google.gson.internal.bind.TypeAdapterRuntimeTypeWrapper.read(TypeAdapterRuntimeTypeWrapper.java:40) ~[gson-2.10.jar%23107!/:?]
	at com.google.gson.internal.bind.ArrayTypeAdapter.read(ArrayTypeAdapter.java:72) ~[gson-2.10.jar%23107!/:?]
	at com.google.gson.Gson.fromJson(Gson.java:1214) ~[gson-2.10.jar%23107!/:?]
	at com.google.gson.Gson.fromJson(Gson.java:1319) ~[gson-2.10.jar%23107!/:?]
	at com.google.gson.Gson.fromJson(Gson.java:1290) ~[gson-2.10.jar%23107!/:?]
	at com.google.gson.internal.bind.TreeTypeAdapter$GsonContextImpl.deserialize(TreeTypeAdapter.java:179) ~[gson-2.10.jar%23107!/:?]
	at net.minecraft.util.GsonHelper.m_13808_(GsonHelper.java:463) ~[client-1.20.1-20230612.114412-srg.jar%23264!/:?]
	at net.minecraft.util.GsonHelper.m_13836_(GsonHelper.java:471) ~[client-1.20.1-20230612.114412-srg.jar%23264!/:?]
	at net.minecraft.world.level.storage.loot.LootPool$Serializer.deserialize(LootPool.java:192) ~[client-1.20.1-20230612.114412-srg.jar%23264!/:?]
	at net.minecraft.world.level.storage.loot.LootPool$Serializer.deserialize(LootPool.java:189) ~[client-1.20.1-20230612.114412-srg.jar%23264!/:?]
	at com.google.gson.internal.bind.TreeTypeAdapter.read(TreeTypeAdapter.java:76) ~[gson-2.10.jar%23107!/:?]
	at com.google.gson.internal.bind.TypeAdapterRuntimeTypeWrapper.read(TypeAdapterRuntimeTypeWrapper.java:40) ~[gson-2.10.jar%23107!/:?]
	at com.google.gson.internal.bind.ArrayTypeAdapter.read(ArrayTypeAdapter.java:72) ~[gson-2.10.jar%23107!/:?]
	at com.google.gson.Gson.fromJson(Gson.java:1214) ~[gson-2.10.jar%23107!/:?]
	at com.google.gson.Gson.fromJson(Gson.java:1319) ~[gson-2.10.jar%23107!/:?]
	at com.google.gson.Gson.fromJson(Gson.java:1290) ~[gson-2.10.jar%23107!/:?]
	at com.google.gson.internal.bind.TreeTypeAdapter$GsonContextImpl.deserialize(TreeTypeAdapter.java:179) ~[gson-2.10.jar%23107!/:?]
	at net.minecraft.util.GsonHelper.m_13808_(GsonHelper.java:463) ~[client-1.20.1-20230612.114412-srg.jar%23264!/:?]
	at net.minecraft.util.GsonHelper.m_13845_(GsonHelper.java:481) ~[client-1.20.1-20230612.114412-srg.jar%23264!/:?]
	at net.minecraft.world.level.storage.loot.LootTable$Serializer.deserialize(LootTable.java:294) ~[client-1.20.1-20230612.114412-srg.jar%23264!/:?]
	at net.minecraft.world.level.storage.loot.LootTable$Serializer.deserialize(LootTable.java:291) ~[client-1.20.1-20230612.114412-srg.jar%23264!/:?]
	at com.google.gson.internal.bind.TreeTypeAdapter.read(TreeTypeAdapter.java:76) ~[gson-2.10.jar%23107!/:?]
	at com.google.gson.Gson.fromJson(Gson.java:1214) ~[gson-2.10.jar%23107!/:?]
	at com.google.gson.Gson.fromJson(Gson.java:1319) ~[gson-2.10.jar%23107!/:?]
	at com.google.gson.Gson.fromJson(Gson.java:1261) ~[gson-2.10.jar%23107!/:?]
	at net.minecraftforge.common.ForgeHooks.loadLootTable(ForgeHooks.java:872) ~[forge-1.20.1-47.4.20-universal.jar%23269!/:?]
	at net.minecraftforge.common.ForgeHooks.lambda$getLootTableDeserializer$3(ForgeHooks.java:849) ~[forge-1.20.1-47.4.20-universal.jar%23269!/:?]
	at net.minecraft.world.level.storage.loot.LootDataType.deserialize(LootDataType.java:45) ~[client-1.20.1-20230612.114412-srg.jar%23264!/:?]
	at net.minecraft.world.level.storage.loot.LootDataManager.lambda$scheduleElementParse$4(LootDataManager.java:56) ~[client-1.20.1-20230612.114412-srg.jar%23264!/:?]
	at java.util.HashMap.forEach(Unknown Source) ~[?:?]
	at net.minecraft.world.level.storage.loot.LootDataManager.m_278660_(LootDataManager.java:55) ~[client-1.20.1-20230612.114412-srg.jar%23264!/:?]
	at java.util.concurrent.CompletableFuture$AsyncRun.run(Unknown Source) ~[?:?]
	at java.util.concurrent.CompletableFuture$AsyncRun.exec(Unknown Source) ~[?:?]
	at java.util.concurrent.ForkJoinTask.doExec(Unknown Source) ~[?:?]
	at java.util.concurrent.ForkJoinPool$WorkQueue.topLevelExec(Unknown Source) ~[?:?]
	at java.util.concurrent.ForkJoinPool.scan(Unknown Source) ~[?:?]
	at java.util.concurrent.ForkJoinPool.runWorker(Unknown Source) ~[?:?]
	at java.util.concurrent.ForkJoinWorkerThread.run(Unknown Source) ~[?:?]
[02:22:28] [Worker-Main-9/ERROR]: Couldn't parse element loot_tables:parcool:grant_parcool_guide
com.google.gson.JsonSyntaxException: Expected name to be an item, was unknown string 'patchouli:guide_book'
	at net.minecraft.util.GsonHelper.m_13866_(GsonHelper.java:145) ~[client-1.20.1-20230612.114412-srg.jar%23264!/:?]
	at java.util.Optional.orElseThrow(Unknown Source) ~[?:?]
	at net.minecraft.util.GsonHelper.m_13874_(GsonHelper.java:145) ~[client-1.20.1-20230612.114412-srg.jar%23264!/:?]
	at net.minecraft.util.GsonHelper.m_13909_(GsonHelper.java:153) ~[client-1.20.1-20230612.114412-srg.jar%23264!/:?]
	at net.minecraft.world.level.storage.loot.entries.LootItem$Serializer.m_7267_(LootItem.java:55) ~[client-1.20.1-20230612.114412-srg.jar%23264!/:?]
	at net.minecraft.world.level.storage.loot.entries.LootItem$Serializer.m_7267_(LootItem.java:40) ~[client-1.20.1-20230612.114412-srg.jar%23264!/:?]
	at net.minecraft.world.level.storage.loot.entries.LootPoolSingletonContainer$Serializer.m_5921_(LootPoolSingletonContainer.java:151) ~[client-1.20.1-20230612.114412-srg.jar%23264!/:?]
	at net.minecraft.world.level.storage.loot.entries.LootPoolSingletonContainer$Serializer.m_5921_(LootPoolSingletonContainer.java:129) ~[client-1.20.1-20230612.114412-srg.jar%23264!/:?]
	at net.minecraft.world.level.storage.loot.entries.LootPoolEntryContainer$Serializer.m_7561_(LootPoolEntryContainer.java:86) ~[client-1.20.1-20230612.114412-srg.jar%23264!/:?]
	at net.minecraft.world.level.storage.loot.entries.LootPoolEntryContainer$Serializer.m_7561_(LootPoolEntryContainer.java:74) ~[client-1.20.1-20230612.114412-srg.jar%23264!/:?]
	at net.minecraft.world.level.storage.loot.GsonAdapterFactory$JsonAdapter.deserialize(GsonAdapterFactory.java:102) ~[client-1.20.1-20230612.114412-srg.jar%23264!/:?]
	at com.google.gson.internal.bind.TreeTypeAdapter.read(TreeTypeAdapter.java:76) ~[gson-2.10.jar%23107!/:?]
	at com.google.gson.internal.bind.TypeAdapterRuntimeTypeWrapper.read(TypeAdapterRuntimeTypeWrapper.java:40) ~[gson-2.10.jar%23107!/:?]
	at com.google.gson.internal.bind.ArrayTypeAdapter.read(ArrayTypeAdapter.java:72) ~[gson-2.10.jar%23107!/:?]
	at com.google.gson.Gson.fromJson(Gson.java:1214) ~[gson-2.10.jar%23107!/:?]
	at com.google.gson.Gson.fromJson(Gson.java:1319) ~[gson-2.10.jar%23107!/:?]
	at com.google.gson.Gson.fromJson(Gson.java:1290) ~[gson-2.10.jar%23107!/:?]
	at com.google.gson.internal.bind.TreeTypeAdapter$GsonContextImpl.deserialize(TreeTypeAdapter.java:179) ~[gson-2.10.jar%23107!/:?]
	at net.minecraft.util.GsonHelper.m_13808_(GsonHelper.java:463) ~[client-1.20.1-20230612.114412-srg.jar%23264!/:?]
	at net.minecraft.util.GsonHelper.m_13836_(GsonHelper.java:471) ~[client-1.20.1-20230612.114412-srg.jar%23264!/:?]
	at net.minecraft.world.level.storage.loot.LootPool$Serializer.deserialize(LootPool.java:192) ~[client-1.20.1-20230612.114412-srg.jar%23264!/:?]
	at net.minecraft.world.level.storage.loot.LootPool$Serializer.deserialize(LootPool.java:189) ~[client-1.20.1-20230612.114412-srg.jar%23264!/:?]
	at com.google.gson.internal.bind.TreeTypeAdapter.read(TreeTypeAdapter.java:76) ~[gson-2.10.jar%23107!/:?]
	at com.google.gson.internal.bind.TypeAdapterRuntimeTypeWrapper.read(TypeAdapterRuntimeTypeWrapper.java:40) ~[gson-2.10.jar%23107!/:?]
	at com.google.gson.internal.bind.ArrayTypeAdapter.read(ArrayTypeAdapter.java:72) ~[gson-2.10.jar%23107!/:?]
	at com.google.gson.Gson.fromJson(Gson.java:1214) ~[gson-2.10.jar%23107!/:?]
	at com.google.gson.Gson.fromJson(Gson.java:1319) ~[gson-2.10.jar%23107!/:?]
	at com.google.gson.Gson.fromJson(Gson.java:1290) ~[gson-2.10.jar%23107!/:?]
	at com.google.gson.internal.bind.TreeTypeAdapter$GsonContextImpl.deserialize(TreeTypeAdapter.java:179) ~[gson-2.10.jar%23107!/:?]
	at net.minecraft.util.GsonHelper.m_13808_(GsonHelper.java:463) ~[client-1.20.1-20230612.114412-srg.jar%23264!/:?]
	at net.minecraft.util.GsonHelper.m_13845_(GsonHelper.java:481) ~[client-1.20.1-20230612.114412-srg.jar%23264!/:?]
	at net.minecraft.world.level.storage.loot.LootTable$Serializer.deserialize(LootTable.java:294) ~[client-1.20.1-20230612.114412-srg.jar%23264!/:?]
	at net.minecraft.world.level.storage.loot.LootTable$Serializer.deserialize(LootTable.java:291) ~[client-1.20.1-20230612.114412-srg.jar%23264!/:?]
	at com.google.gson.internal.bind.TreeTypeAdapter.read(TreeTypeAdapter.java:76) ~[gson-2.10.jar%23107!/:?]
	at com.google.gson.Gson.fromJson(Gson.java:1214) ~[gson-2.10.jar%23107!/:?]
	at com.google.gson.Gson.fromJson(Gson.java:1319) ~[gson-2.10.jar%23107!/:?]
	at com.google.gson.Gson.fromJson(Gson.java:1261) ~[gson-2.10.jar%23107!/:?]
	at net.minecraftforge.common.ForgeHooks.loadLootTable(ForgeHooks.java:872) ~[forge-1.20.1-47.4.20-universal.jar%23269!/:?]
	at net.minecraftforge.common.ForgeHooks.lambda$getLootTableDeserializer$3(ForgeHooks.java:849) ~[forge-1.20.1-47.4.20-universal.jar%23269!/:?]
	at net.minecraft.world.level.storage.loot.LootDataType.deserialize(LootDataType.java:45) ~[client-1.20.1-20230612.114412-srg.jar%23264!/:?]
	at net.minecraft.world.level.storage.loot.LootDataManager.lambda$scheduleElementParse$4(LootDataManager.java:56) ~[client-1.20.1-20230612.114412-srg.jar%23264!/:?]
	at java.util.HashMap.forEach(Unknown Source) ~[?:?]
	at net.minecraft.world.level.storage.loot.LootDataManager.m_278660_(LootDataManager.java:55) ~[client-1.20.1-20230612.114412-srg.jar%23264!/:?]
	at java.util.concurrent.CompletableFuture$AsyncRun.run(Unknown Source) ~[?:?]
	at java.util.concurrent.CompletableFuture$AsyncRun.exec(Unknown Source) ~[?:?]
	at java.util.concurrent.ForkJoinTask.doExec(Unknown Source) ~[?:?]
	at java.util.concurrent.ForkJoinPool$WorkQueue.topLevelExec(Unknown Source) ~[?:?]
	at java.util.concurrent.ForkJoinPool.scan(Unknown Source) ~[?:?]
	at java.util.concurrent.ForkJoinPool.runWorker(Unknown Source) ~[?:?]
	at java.util.concurrent.ForkJoinWorkerThread.run(Unknown Source) ~[?:?]
[02:22:28] [Render thread/ERROR]: Parsing error loading recipe parcool:parcool_guide
com.google.gson.JsonSyntaxException: Unknown item 'patchouli:guide_book'
	at net.minecraftforge.common.crafting.CraftingHelper.getItem(CraftingHelper.java:160) ~[forge-1.20.1-47.4.20-universal.jar%23269!/:?]
	at net.minecraftforge.common.crafting.CraftingHelper.getItemStack(CraftingHelper.java:186) ~[forge-1.20.1-47.4.20-universal.jar%23269!/:?]
	at net.minecraft.world.item.crafting.ShapedRecipe.m_151274_(ShapedRecipe.java:286) ~[client-1.20.1-20230612.114412-srg.jar%23264!/:?]
	at net.minecraft.world.item.crafting.ShapelessRecipe$Serializer.m_6729_(ShapelessRecipe.java:95) ~[client-1.20.1-20230612.114412-srg.jar%23264!/:?]
	at net.minecraft.world.item.crafting.ShapelessRecipe$Serializer.m_6729_(ShapelessRecipe.java:84) ~[client-1.20.1-20230612.114412-srg.jar%23264!/:?]
	at net.minecraftforge.common.extensions.IForgeRecipeSerializer.fromJson(IForgeRecipeSerializer.java:23) ~[forge-1.20.1-47.4.20-universal.jar%23269!/:?]
	at net.minecraft.world.item.crafting.RecipeManager.fromJson(RecipeManager.java:171) ~[client-1.20.1-20230612.114412-srg.jar%23264!/:?]
	at net.minecraft.world.item.crafting.RecipeManager.m_5787_(RecipeManager.java:67) ~[client-1.20.1-20230612.114412-srg.jar%23264!/:?]
	at net.minecraft.world.item.crafting.RecipeManager.m_5787_(RecipeManager.java:34) ~[client-1.20.1-20230612.114412-srg.jar%23264!/:?]
	at net.minecraft.server.packs.resources.SimplePreparableReloadListener.m_10789_(SimplePreparableReloadListener.java:13) ~[client-1.20.1-20230612.114412-srg.jar%23264!/:?]
	at java.util.concurrent.CompletableFuture$UniAccept.tryFire(Unknown Source) ~[?:?]
	at java.util.concurrent.CompletableFuture$Completion.run(Unknown Source) ~[?:?]
	at net.minecraft.server.packs.resources.SimpleReloadInstance.m_143940_(SimpleReloadInstance.java:69) ~[client-1.20.1-20230612.114412-srg.jar%23264!/:?]
	at net.minecraft.util.thread.BlockableEventLoop.m_6367_(BlockableEventLoop.java:156) ~[client-1.20.1-20230612.114412-srg.jar%23264!/:?]
	at net.minecraft.util.thread.ReentrantBlockableEventLoop.m_6367_(ReentrantBlockableEventLoop.java:23) ~[client-1.20.1-20230612.114412-srg.jar%23264!/:?]
	at net.minecraft.util.thread.BlockableEventLoop.m_7245_(BlockableEventLoop.java:130) ~[client-1.20.1-20230612.114412-srg.jar%23264!/:?]
	at net.minecraft.util.thread.BlockableEventLoop.m_18701_(BlockableEventLoop.java:139) ~[client-1.20.1-20230612.114412-srg.jar%23264!/:?]
	at net.minecraft.client.gui.screens.worldselection.WorldOpenFlows.m_246486_(WorldOpenFlows.java:163) ~[client-1.20.1-20230612.114412-srg.jar%23264!/:?]
	at net.minecraft.client.gui.screens.worldselection.WorldOpenFlows.m_233122_(WorldOpenFlows.java:113) ~[client-1.20.1-20230612.114412-srg.jar%23264!/:?]
	at net.minecraft.client.gui.screens.worldselection.WorldOpenFlows.doLoadLevel(WorldOpenFlows.java:181) ~[client-1.20.1-20230612.114412-srg.jar%23264!/:?]
	at net.minecraft.client.gui.screens.worldselection.WorldOpenFlows.m_233145_(WorldOpenFlows.java:169) ~[client-1.20.1-20230612.114412-srg.jar%23264!/:?]
	at net.minecraft.client.gui.screens.worldselection.WorldOpenFlows.m_233133_(WorldOpenFlows.java:65) ~[client-1.20.1-20230612.114412-srg.jar%23264!/:?]
	at net.minecraft.client.gui.screens.worldselection.WorldSelectionList$WorldListEntry.m_101744_(WorldSelectionList.java:575) ~[client-1.20.1-20230612.114412-srg.jar%23264!/:?]
	at net.minecraft.client.gui.screens.worldselection.WorldSelectionList$WorldListEntry.m_101704_(WorldSelectionList.java:474) ~[client-1.20.1-20230612.114412-srg.jar%23264!/:?]
	at net.minecraft.client.gui.screens.worldselection.WorldSelectionList$WorldListEntry.m_6375_(WorldSelectionList.java:413) ~[client-1.20.1-20230612.114412-srg.jar%23264!/:?]
	at net.minecraft.client.gui.components.AbstractSelectionList.m_6375_(AbstractSelectionList.java:298) ~[client-1.20.1-20230612.114412-srg.jar%23264!/:?]
	at net.minecraft.client.gui.components.events.ContainerEventHandler.m_6375_(ContainerEventHandler.java:38) ~[client-1.20.1-20230612.114412-srg.jar%23264!/:?]
	at net.minecraft.client.MouseHandler.m_168084_(MouseHandler.java:92) ~[client-1.20.1-20230612.114412-srg.jar%23264!/:?]
	at net.minecraft.client.gui.screens.Screen.m_96579_(Screen.java:437) ~[client-1.20.1-20230612.114412-srg.jar%23264!/:?]
	at net.minecraft.client.MouseHandler.m_91530_(MouseHandler.java:89) ~[client-1.20.1-20230612.114412-srg.jar%23264!/:?]
	at net.minecraft.client.MouseHandler.m_168091_(MouseHandler.java:189) ~[client-1.20.1-20230612.114412-srg.jar%23264!/:?]
	at net.minecraft.util.thread.BlockableEventLoop.execute(BlockableEventLoop.java:102) ~[client-1.20.1-20230612.114412-srg.jar%23264!/:?]
	at net.minecraft.client.MouseHandler.m_91565_(MouseHandler.java:188) ~[client-1.20.1-20230612.114412-srg.jar%23264!/:?]
	at org.lwjgl.glfw.GLFWMouseButtonCallbackI.callback(GLFWMouseButtonCallbackI.java:43) ~[lwjgl-glfw-3.3.1.jar%23141!/:build 7]
	at org.lwjgl.system.JNI.invokeV(Native Method) ~[lwjgl-3.3.1.jar%23153!/:build 7]
	at org.lwjgl.glfw.GLFW.glfwPollEvents(GLFW.java:3403) ~[lwjgl-glfw-3.3.1.jar%23141!/:build 7]
	at com.mojang.blaze3d.systems.RenderSystem.pollEvents(RenderSystem.java:201) ~[client-1.20.1-20230612.114412-srg.jar%23264!/:?]
	at com.mojang.blaze3d.systems.RenderSystem.flipFrame(RenderSystem.java:219) ~[client-1.20.1-20230612.114412-srg.jar%23264!/:?]
	at com.mojang.blaze3d.platform.Window.m_85435_(Window.java:274) ~[client-1.20.1-20230612.114412-srg.jar%23264!/:?]
	at net.minecraft.client.Minecraft.m_91383_(Minecraft.java:1170) ~[client-1.20.1-20230612.114412-srg.jar%23264!/:?]
	at net.minecraft.client.Minecraft.m_91374_(Minecraft.java:718) ~[client-1.20.1-20230612.114412-srg.jar%23264!/:?]
	at net.minecraft.client.main.Main.main(Main.java:218) ~[forge-47.4.20.jar:?]
	at jdk.internal.reflect.NativeMethodAccessorImpl.invoke0(Native Method) ~[?:?]
	at jdk.internal.reflect.NativeMethodAccessorImpl.invoke(Unknown Source) ~[?:?]
	at jdk.internal.reflect.DelegatingMethodAccessorImpl.invoke(Unknown Source) ~[?:?]
	at java.lang.reflect.Method.invoke(Unknown Source) ~[?:?]
	at net.minecraftforge.fml.loading.targets.CommonLaunchHandler.runTarget(CommonLaunchHandler.java:111) ~[fmlloader-1.20.1-47.4.20.jar:?]
	at net.minecraftforge.fml.loading.targets.CommonLaunchHandler.clientService(CommonLaunchHandler.java:99) ~[fmlloader-1.20.1-47.4.20.jar:?]
	at net.minecraftforge.fml.loading.targets.CommonClientLaunchHandler.lambda$makeService$0(CommonClientLaunchHandler.java:25) ~[fmlloader-1.20.1-47.4.20.jar:?]
	at cpw.mods.modlauncher.LaunchServiceHandlerDecorator.launch(LaunchServiceHandlerDecorator.java:30) ~[modlauncher-10.0.9.jar:?]
	at cpw.mods.modlauncher.LaunchServiceHandler.launch(LaunchServiceHandler.java:53) ~[modlauncher-10.0.9.jar:?]
	at cpw.mods.modlauncher.LaunchServiceHandler.launch(LaunchServiceHandler.java:71) ~[modlauncher-10.0.9.jar:?]
	at cpw.mods.modlauncher.Launcher.run(Launcher.java:108) ~[modlauncher-10.0.9.jar:?]
	at cpw.mods.modlauncher.Launcher.main(Launcher.java:78) ~[modlauncher-10.0.9.jar:?]
	at cpw.mods.modlauncher.BootstrapLaunchConsumer.accept(BootstrapLaunchConsumer.java:26) ~[modlauncher-10.0.9.jar:?]
	at cpw.mods.modlauncher.BootstrapLaunchConsumer.accept(BootstrapLaunchConsumer.java:23) ~[modlauncher-10.0.9.jar:?]
	at cpw.mods.bootstraplauncher.BootstrapLauncher.main(BootstrapLauncher.java:141) ~[bootstraplauncher-1.1.2.jar:?]
[02:22:28] [Render thread/ERROR]: Parsing error loading recipe yuushya:painter_gift_box
com.google.gson.JsonSyntaxException: Unknown item 'yuushya:the_encyclopedia'
	at net.minecraft.world.item.crafting.ShapedRecipe.m_151280_(ShapedRecipe.java:292) ~[client-1.20.1-20230612.114412-srg.jar%23264!/:?]
	at java.util.Optional.orElseThrow(Unknown Source) ~[?:?]
	at net.minecraft.world.item.crafting.ShapedRecipe.m_151278_(ShapedRecipe.java:291) ~[client-1.20.1-20230612.114412-srg.jar%23264!/:?]
	at net.minecraft.world.item.crafting.Ingredient.m_43919_(Ingredient.java:219) ~[client-1.20.1-20230612.114412-srg.jar%23264!/:?]
	at net.minecraftforge.common.crafting.VanillaIngredientSerializer.parse(VanillaIngredientSerializer.java:27) ~[forge-1.20.1-47.4.20-universal.jar%23269!/:?]
	at net.minecraftforge.common.crafting.CraftingHelper.getIngredient(CraftingHelper.java:148) ~[forge-1.20.1-47.4.20-universal.jar%23269!/:?]
	at net.minecraft.world.item.crafting.Ingredient.m_288218_(Ingredient.java:194) ~[client-1.20.1-20230612.114412-srg.jar%23264!/:?]
	at net.minecraft.world.item.crafting.ShapedRecipe.m_44210_(ShapedRecipe.java:278) ~[client-1.20.1-20230612.114412-srg.jar%23264!/:?]
	at net.minecraft.world.item.crafting.ShapedRecipe$Serializer.m_6729_(ShapedRecipe.java:306) ~[client-1.20.1-20230612.114412-srg.jar%23264!/:?]
	at net.minecraft.world.item.crafting.ShapedRecipe$Serializer.m_6729_(ShapedRecipe.java:301) ~[client-1.20.1-20230612.114412-srg.jar%23264!/:?]
	at net.minecraftforge.common.extensions.IForgeRecipeSerializer.fromJson(IForgeRecipeSerializer.java:23) ~[forge-1.20.1-47.4.20-universal.jar%23269!/:?]
	at net.minecraft.world.item.crafting.RecipeManager.fromJson(RecipeManager.java:171) ~[client-1.20.1-20230612.114412-srg.jar%23264!/:?]
	at net.minecraft.world.item.crafting.RecipeManager.m_5787_(RecipeManager.java:67) ~[client-1.20.1-20230612.114412-srg.jar%23264!/:?]
	at net.minecraft.world.item.crafting.RecipeManager.m_5787_(RecipeManager.java:34) ~[client-1.20.1-20230612.114412-srg.jar%23264!/:?]
	at net.minecraft.server.packs.resources.SimplePreparableReloadListener.m_10789_(SimplePreparableReloadListener.java:13) ~[client-1.20.1-20230612.114412-srg.jar%23264!/:?]
	at java.util.concurrent.CompletableFuture$UniAccept.tryFire(Unknown Source) ~[?:?]
	at java.util.concurrent.CompletableFuture$Completion.run(Unknown Source) ~[?:?]
	at net.minecraft.server.packs.resources.SimpleReloadInstance.m_143940_(SimpleReloadInstance.java:69) ~[client-1.20.1-20230612.114412-srg.jar%23264!/:?]
	at net.minecraft.util.thread.BlockableEventLoop.m_6367_(BlockableEventLoop.java:156) ~[client-1.20.1-20230612.114412-srg.jar%23264!/:?]
	at net.minecraft.util.thread.ReentrantBlockableEventLoop.m_6367_(ReentrantBlockableEventLoop.java:23) ~[client-1.20.1-20230612.114412-srg.jar%23264!/:?]
	at net.minecraft.util.thread.BlockableEventLoop.m_7245_(BlockableEventLoop.java:130) ~[client-1.20.1-20230612.114412-srg.jar%23264!/:?]
	at net.minecraft.util.thread.BlockableEventLoop.m_18701_(BlockableEventLoop.java:139) ~[client-1.20.1-20230612.114412-srg.jar%23264!/:?]
	at net.minecraft.client.gui.screens.worldselection.WorldOpenFlows.m_246486_(WorldOpenFlows.java:163) ~[client-1.20.1-20230612.114412-srg.jar%23264!/:?]
	at net.minecraft.client.gui.screens.worldselection.WorldOpenFlows.m_233122_(WorldOpenFlows.java:113) ~[client-1.20.1-20230612.114412-srg.jar%23264!/:?]
	at net.minecraft.client.gui.screens.worldselection.WorldOpenFlows.doLoadLevel(WorldOpenFlows.java:181) ~[client-1.20.1-20230612.114412-srg.jar%23264!/:?]
	at net.minecraft.client.gui.screens.worldselection.WorldOpenFlows.m_233145_(WorldOpenFlows.java:169) ~[client-1.20.1-20230612.114412-srg.jar%23264!/:?]
	at net.minecraft.client.gui.screens.worldselection.WorldOpenFlows.m_233133_(WorldOpenFlows.java:65) ~[client-1.20.1-20230612.114412-srg.jar%23264!/:?]
	at net.minecraft.client.gui.screens.worldselection.WorldSelectionList$WorldListEntry.m_101744_(WorldSelectionList.java:575) ~[client-1.20.1-20230612.114412-srg.jar%23264!/:?]
	at net.minecraft.client.gui.screens.worldselection.WorldSelectionList$WorldListEntry.m_101704_(WorldSelectionList.java:474) ~[client-1.20.1-20230612.114412-srg.jar%23264!/:?]
	at net.minecraft.client.gui.screens.worldselection.WorldSelectionList$WorldListEntry.m_6375_(WorldSelectionList.java:413) ~[client-1.20.1-20230612.114412-srg.jar%23264!/:?]
	at net.minecraft.client.gui.components.AbstractSelectionList.m_6375_(AbstractSelectionList.java:298) ~[client-1.20.1-20230612.114412-srg.jar%23264!/:?]
	at net.minecraft.client.gui.components.events.ContainerEventHandler.m_6375_(ContainerEventHandler.java:38) ~[client-1.20.1-20230612.114412-srg.jar%23264!/:?]
	at net.minecraft.client.MouseHandler.m_168084_(MouseHandler.java:92) ~[client-1.20.1-20230612.114412-srg.jar%23264!/:?]
	at net.minecraft.client.gui.screens.Screen.m_96579_(Screen.java:437) ~[client-1.20.1-20230612.114412-srg.jar%23264!/:?]
	at net.minecraft.client.MouseHandler.m_91530_(MouseHandler.java:89) ~[client-1.20.1-20230612.114412-srg.jar%23264!/:?]
	at net.minecraft.client.MouseHandler.m_168091_(MouseHandler.java:189) ~[client-1.20.1-20230612.114412-srg.jar%23264!/:?]
	at net.minecraft.util.thread.BlockableEventLoop.execute(BlockableEventLoop.java:102) ~[client-1.20.1-20230612.114412-srg.jar%23264!/:?]
	at net.minecraft.client.MouseHandler.m_91565_(MouseHandler.java:188) ~[client-1.20.1-20230612.114412-srg.jar%23264!/:?]
	at org.lwjgl.glfw.GLFWMouseButtonCallbackI.callback(GLFWMouseButtonCallbackI.java:43) ~[lwjgl-glfw-3.3.1.jar%23141!/:build 7]
	at org.lwjgl.system.JNI.invokeV(Native Method) ~[lwjgl-3.3.1.jar%23153!/:build 7]
	at org.lwjgl.glfw.GLFW.glfwPollEvents(GLFW.java:3403) ~[lwjgl-glfw-3.3.1.jar%23141!/:build 7]
	at com.mojang.blaze3d.systems.RenderSystem.pollEvents(RenderSystem.java:201) ~[client-1.20.1-20230612.114412-srg.jar%23264!/:?]
	at com.mojang.blaze3d.systems.RenderSystem.flipFrame(RenderSystem.java:219) ~[client-1.20.1-20230612.114412-srg.jar%23264!/:?]
	at com.mojang.blaze3d.platform.Window.m_85435_(Window.java:274) ~[client-1.20.1-20230612.114412-srg.jar%23264!/:?]
	at net.minecraft.client.Minecraft.m_91383_(Minecraft.java:1170) ~[client-1.20.1-20230612.114412-srg.jar%23264!/:?]
	at net.minecraft.client.Minecraft.m_91374_(Minecraft.java:718) ~[client-1.20.1-20230612.114412-srg.jar%23264!/:?]
	at net.minecraft.client.main.Main.main(Main.java:218) ~[forge-47.4.20.jar:?]
	at jdk.internal.reflect.NativeMethodAccessorImpl.invoke0(Native Method) ~[?:?]
	at jdk.internal.reflect.NativeMethodAccessorImpl.invoke(Unknown Source) ~[?:?]
	at jdk.internal.reflect.DelegatingMethodAccessorImpl.invoke(Unknown Source) ~[?:?]
	at java.lang.reflect.Method.invoke(Unknown Source) ~[?:?]
	at net.minecraftforge.fml.loading.targets.CommonLaunchHandler.runTarget(CommonLaunchHandler.java:111) ~[fmlloader-1.20.1-47.4.20.jar:?]
	at net.minecraftforge.fml.loading.targets.CommonLaunchHandler.clientService(CommonLaunchHandler.java:99) ~[fmlloader-1.20.1-47.4.20.jar:?]
	at net.minecraftforge.fml.loading.targets.CommonClientLaunchHandler.lambda$makeService$0(CommonClientLaunchHandler.java:25) ~[fmlloader-1.20.1-47.4.20.jar:?]
	at cpw.mods.modlauncher.LaunchServiceHandlerDecorator.launch(LaunchServiceHandlerDecorator.java:30) ~[modlauncher-10.0.9.jar:?]
	at cpw.mods.modlauncher.LaunchServiceHandler.launch(LaunchServiceHandler.java:53) ~[modlauncher-10.0.9.jar:?]
	at cpw.mods.modlauncher.LaunchServiceHandler.launch(LaunchServiceHandler.java:71) ~[modlauncher-10.0.9.jar:?]
	at cpw.mods.modlauncher.Launcher.run(Launcher.java:108) ~[modlauncher-10.0.9.jar:?]
	at cpw.mods.modlauncher.Launcher.main(Launcher.java:78) ~[modlauncher-10.0.9.jar:?]
	at cpw.mods.modlauncher.BootstrapLaunchConsumer.accept(BootstrapLaunchConsumer.java:26) ~[modlauncher-10.0.9.jar:?]
	at cpw.mods.modlauncher.BootstrapLaunchConsumer.accept(BootstrapLaunchConsumer.java:23) ~[modlauncher-10.0.9.jar:?]
	at cpw.mods.bootstraplauncher.BootstrapLauncher.main(BootstrapLauncher.java:141) ~[bootstraplauncher-1.1.2.jar:?]
[02:22:28] [Render thread/INFO]: Loaded 8 recipes
[02:22:28] [Render thread/ERROR]: Parsing error loading custom advancement jujutsucrafts:into_tombs_of_the_star: Expected item to be an item, was unknown string 'jujutsucrafts:cursed_womb_death_painting'
[02:22:28] [Render thread/ERROR]: Couldn't load advancement jujutsucrafts:battle_merger_cursed_spirit: Task Advancement{parentId=jujutsucrafts:summon_merger_cursed_spirit, display=net.minecraft.advancements.DisplayInfo@14dd5bb3, rewards=AdvancementRewards{experience=0, loot=[], recipes=[], function=net.minecraft.commands.CommandFunction$CacheableFunction@2bafcf8c}, criteria={battle_merger_cursed_spirit_0=net.minecraft.advancements.Criterion@2d9cdd2b}, requirements=[[battle_merger_cursed_spirit_0]], sends_telemetry_event=false}
[02:22:28] [Render thread/ERROR]: Couldn't load advancement jujutsucrafts:get_tengen: Task Advancement{parentId=jujutsucrafts:battle_choso_tombs_of_the_star, display=net.minecraft.advancements.DisplayInfo@6351fe57, rewards=AdvancementRewards{experience=0, loot=[], recipes=[], function=net.minecraft.commands.CommandFunction$CacheableFunction@2bafcf8c}, criteria={get_tengen_0=net.minecraft.advancements.Criterion@99f1ebf}, requirements=[[get_tengen_0]], sends_telemetry_event=false}
[02:22:28] [Render thread/ERROR]: Couldn't load advancement jujutsucrafts:battle_choso_tombs_of_the_star: Task Advancement{parentId=jujutsucrafts:into_tombs_of_the_star, display=net.minecraft.advancements.DisplayInfo@7ebc4932, rewards=AdvancementRewards{experience=0, loot=[], recipes=[], function=net.minecraft.commands.CommandFunction$CacheableFunction@2bafcf8c}, criteria={battle_choso_tombs_of_the_star_0=net.minecraft.advancements.Criterion@fa7cabc}, requirements=[[battle_choso_tombs_of_the_star_0]], sends_telemetry_event=false}
[02:22:28] [Render thread/ERROR]: Couldn't load advancement jujutsucrafts:battle_tsukmo_tombs_of_the_star: Task Advancement{parentId=jujutsucrafts:battle_choso_tombs_of_the_star, display=net.minecraft.advancements.DisplayInfo@42fa5d07, rewards=AdvancementRewards{experience=0, loot=[], recipes=[], function=net.minecraft.commands.CommandFunction$CacheableFunction@2bafcf8c}, criteria={battle_tsukmo_tombs_of_the_star_0=net.minecraft.advancements.Criterion@73399dce}, requirements=[[battle_tsukmo_tombs_of_the_star_0]], sends_telemetry_event=false}
[02:22:28] [Render thread/ERROR]: Couldn't load advancement jujutsucrafts:summon_merger_cursed_spirit: Task Advancement{parentId=jujutsucrafts:get_tengen, display=net.minecraft.advancements.DisplayInfo@16a19fff, rewards=AdvancementRewards{experience=0, loot=[], recipes=[], function=net.minecraft.commands.CommandFunction$CacheableFunction@2bafcf8c}, criteria={summon_merger_cursed_spirit_0=net.minecraft.advancements.Criterion@2949b708}, requirements=[[summon_merger_cursed_spirit_0]], sends_telemetry_event=false}
[02:22:28] [Render thread/INFO]: Loaded 1566 advancements
[02:22:28] [Render thread/INFO]: Loaded 11 curio slots
[02:22:28] [Render thread/INFO]: Loaded 1 curio entities
[02:22:30] [Server thread/INFO]: Starting integrated minecraft server version 1.20.1
[02:22:30] [Server thread/INFO]: Generating keypair
[02:22:31] [Server thread/INFO]: loaded team data: 1 known players, 1 teams total
[02:22:31] [Server thread/INFO]: Started DhWorld of type CLIENT_SERVER
[02:22:31] [Server thread/INFO]: level load
[02:22:31] [Server thread/INFO]: Started DhClientServerLevel for [Wrapped{ServerLevel[Mundo nuevo]@minecraft:overworld}] at [[LocalSaveStructure@(C:\Users\User\curseforge\minecraft\Instances\jujutsu server nuestro\saves\Mundo nuevo\data)]].
[02:22:31] [Server thread/INFO]: level load
[02:22:31] [Server thread/INFO]: Started DhClientServerLevel for [Wrapped{ServerLevel[Mundo nuevo]@jujutsucraft:cursed_spirit_manipulation_dimension}] at [[LocalSaveStructure@(C:\Users\User\curseforge\minecraft\Instances\jujutsu server nuestro\saves\Mundo nuevo\dimensions\jujutsucraft\cursed_spirit_manipulation_dimension\data;C:\Users\User\curseforge\minecraft\Instances\jujutsu server nuestro\saves\Mundo nuevo\data)]].
[02:22:31] [Server thread/INFO]: level load
[02:22:31] [Server thread/INFO]: Started DhClientServerLevel for [Wrapped{ServerLevel[Mundo nuevo]@jujutsucraftv:tomb_of_the_star_dimension}] at [[LocalSaveStructure@(C:\Users\User\curseforge\minecraft\Instances\jujutsu server nuestro\saves\Mundo nuevo\dimensions\jujutsucraft\cursed_spirit_manipulation_dimension\data;C:\Users\User\curseforge\minecraft\Instances\jujutsu server nuestro\saves\Mundo nuevo\data;C:\Users\User\curseforge\minecraft\Instances\jujutsu server nuestro\saves\Mundo nuevo\dimensions\jujutsucraftv\tomb_of_the_star_dimension\data)]].
[02:22:31] [Server thread/INFO]: level load
[02:22:31] [Server thread/INFO]: Started DhClientServerLevel for [Wrapped{ServerLevel[Mundo nuevo]@minecraft:the_end}] at [[LocalSaveStructure@(C:\Users\User\curseforge\minecraft\Instances\jujutsu server nuestro\saves\Mundo nuevo\dimensions\jujutsucraft\cursed_spirit_manipulation_dimension\data;C:\Users\User\curseforge\minecraft\Instances\jujutsu server nuestro\saves\Mundo nuevo\data;C:\Users\User\curseforge\minecraft\Instances\jujutsu server nuestro\saves\Mundo nuevo\dimensions\jujutsucraftv\tomb_of_the_star_dimension\data;C:\Users\User\curseforge\minecraft\Instances\jujutsu server nuestro\saves\Mundo nuevo\DIM1\data)]].
[02:22:31] [Server thread/INFO]: level load
[02:22:31] [Server thread/INFO]: Started DhClientServerLevel for [Wrapped{ServerLevel[Mundo nuevo]@minecraft:the_nether}] at [[LocalSaveStructure@(C:\Users\User\curseforge\minecraft\Instances\jujutsu server nuestro\saves\Mundo nuevo\dimensions\jujutsucraft\cursed_spirit_manipulation_dimension\data;C:\Users\User\curseforge\minecraft\Instances\jujutsu server nuestro\saves\Mundo nuevo\data;C:\Users\User\curseforge\minecraft\Instances\jujutsu server nuestro\saves\Mundo nuevo\DIM-1\data;C:\Users\User\curseforge\minecraft\Instances\jujutsu server nuestro\saves\Mundo nuevo\dimensions\jujutsucraftv\tomb_of_the_star_dimension\data;C:\Users\User\curseforge\minecraft\Instances\jujutsu server nuestro\saves\Mundo nuevo\DIM1\data)]].
[02:22:31] [Server thread/INFO]: level load
[02:22:31] [Server thread/INFO]: Started DhClientServerLevel for [Wrapped{ServerLevel[Mundo nuevo]@jujutsucrafts:tombs_of_the_star_corridor}] at [[LocalSaveStructure@(C:\Users\User\curseforge\minecraft\Instances\jujutsu server nuestro\saves\Mundo nuevo\dimensions\jujutsucraft\cursed_spirit_manipulation_dimension\data;C:\Users\User\curseforge\minecraft\Instances\jujutsu server nuestro\saves\Mundo nuevo\data;C:\Users\User\curseforge\minecraft\Instances\jujutsu server nuestro\saves\Mundo nuevo\dimensions\jujutsucrafts\tombs_of_the_star_corridor\data;C:\Users\User\curseforge\minecraft\Instances\jujutsu server nuestro\saves\Mundo nuevo\DIM-1\data;C:\Users\User\curseforge\minecraft\Instances\jujutsu server nuestro\saves\Mundo nuevo\dimensions\jujutsucraftv\tomb_of_the_star_dimension\data;C:\Users\User\curseforge\minecraft\Instances\jujutsu server nuestro\saves\Mundo nuevo\DIM1\data)]].
[02:22:31] [Server thread/INFO]: Preparing start region for dimension minecraft:overworld
[02:22:32] [Render thread/INFO]: Preparando zona de aparición: 0 %
[02:22:32] [Render thread/INFO]: Preparando zona de aparición: 0 %
[02:22:32] [Render thread/INFO]: Preparando zona de aparición: 0 %
[02:22:33] [Render thread/INFO]: Preparando zona de aparición: 4 %
[02:22:33] [Server thread/INFO]: CustomNPC PermissionNode<Boolean>s available:
[02:22:33] [Server thread/INFO]: customnpcs.admin
[02:22:33] [Server thread/INFO]: customnpcs.edit.blocks
[02:22:33] [Server thread/INFO]: customnpcs.edit.villager
[02:22:33] [Server thread/INFO]: customnpcs.global.bank
[02:22:33] [Server thread/INFO]: customnpcs.global.dialog
[02:22:33] [Server thread/INFO]: customnpcs.global.faction
[02:22:33] [Server thread/INFO]: customnpcs.global.linked
[02:22:33] [Server thread/INFO]: customnpcs.global.naturalspawn
[02:22:33] [Server thread/INFO]: customnpcs.global.playerdata
[02:22:33] [Server thread/INFO]: customnpcs.global.quest
[02:22:33] [Server thread/INFO]: customnpcs.global.recipe
[02:22:33] [Server thread/INFO]: customnpcs.global.transport
[02:22:33] [Server thread/INFO]: customnpcs.npc.advanced
[02:22:33] [Server thread/INFO]: customnpcs.npc.ai
[02:22:33] [Server thread/INFO]: customnpcs.npc.clone
[02:22:33] [Server thread/INFO]: customnpcs.npc.create
[02:22:33] [Server thread/INFO]: customnpcs.npc.delete
[02:22:33] [Server thread/INFO]: customnpcs.npc.display
[02:22:33] [Server thread/INFO]: customnpcs.npc.freeze
[02:22:33] [Server thread/INFO]: customnpcs.npc.gui
[02:22:33] [Server thread/INFO]: customnpcs.npc.inventory
[02:22:33] [Server thread/INFO]: customnpcs.npc.reset
[02:22:33] [Server thread/INFO]: customnpcs.npc.stats
[02:22:33] [Server thread/INFO]: customnpcs.scenes
[02:22:33] [Server thread/INFO]: customnpcs.soulstone.all
[02:22:33] [Server thread/INFO]: customnpcs.spawner.create
[02:22:33] [Server thread/INFO]: customnpcs.spawner.mob
[02:22:33] [Server thread/INFO]: customnpcs.tool.mounter
[02:22:33] [Server thread/INFO]: customnpcs.tool.nbtbook
[02:22:33] [Server thread/INFO]: customnpcs.tool.pather
[02:22:33] [Server thread/INFO]: customnpcs.tool.scripter
[02:22:33] [Server thread/INFO]: Successfully initialized permission handler forge:default_handler
[02:22:33] [Server thread/INFO]: ##############################################################
[02:22:33] [Server thread/INFO]: #                      SideroCloud Hosting                   #
[02:22:33] [Server thread/INFO]: ##############################################################
[02:22:33] [Server thread/INFO]: # Power your server with SideroCloud Hosting                 #
[02:22:33] [Server thread/INFO]: #                                                            #
[02:22:33] [Server thread/INFO]: # Fast - Reliable - Affordable                               #
[02:22:33] [Server thread/INFO]: # High Performance Servers                                   #
[02:22:33] [Server thread/INFO]: # Global Locations                                           #
[02:22:33] [Server thread/INFO]: #                                                            #
[02:22:33] [Server thread/INFO]: # https://siderocloud.net                                    #
[02:22:33] [Server thread/INFO]: ##############################################################
[02:22:33] [Server thread/INFO]: Server starting - reloading configurations...
[02:22:33] [Render thread/INFO]: Time elapsed: 2008 ms
[02:22:33] [Server thread/INFO]: Loaded block configuration: 6 block types, 6 global drops, 0 active events
[02:22:33] [Server thread/INFO]: Loaded 0 regenerating block entries from disk
[02:22:33] [Server thread/INFO]: No regenerating blocks found from previous session
[02:22:33] [Server thread/INFO]: Loaded 5 block drop types
[02:22:33] [Server thread/INFO]: Active block events: []
[02:22:34] [Server thread/INFO]: [MessagesConfig] 42 mensaje(s) cargados.
[02:22:34] [Server thread/INFO]: [MessagesConfig] 42 mensaje(s) cargados.
[02:22:34] [Server thread/INFO]: [MessagesConfig] 42 mensaje(s) cargados.
[02:22:34] [Server thread/INFO]: [Validator] Dungeon 'dungeon' valida [OK]
[02:22:34] [Server thread/INFO]: [Config] Dungeon cargada: 'dungeon' (dungeon) desde dungeon.json
[02:22:34] [Server thread/ERROR]: [Config] Error de sintaxis JSON en 'messages.json': java.lang.IllegalStateException: Expected an int but was BEGIN_OBJECT at line 30 column 13 path $.lives
[02:22:34] [Server thread/INFO]: [DungeonManager] 1 dungeon(s) cargada(s).
[02:22:34] [Server thread/INFO]: [MessagesConfig] 42 mensaje(s) cargados.
[02:22:34] [Server thread/INFO]: [Hologram] Spawneado 'dungeon' (4 lineas, status: §a? DISPONIBLE).
[02:22:34] [Server thread/INFO]: [ConfigWatcher] Iniciado. Observando: C:\Users\User\curseforge\minecraft\Instances\jujutsu server nuestro\config\dungeonmaster\dungeons
[02:22:34] [Server thread/INFO]: [DungeonMaster] DungeonManager inicializado. Dungeons cargadas: 1
[02:22:34] [Server thread/INFO]: Changing view distance to 8, from 10
[02:22:34] [Server thread/INFO]: Changing simulation distance to 10, from 0
[02:22:35] [Render thread/WARN]: Unable to parse the boolean system property 'java.net.preferIPv6Addresses':system - using the default value: false
[02:22:35] [Netty Local Client IO #0/INFO]: Connected to a modded server.
[02:22:35] [Server thread/WARN]: Ignored advancement 'jjkblueredpurple:black_flash_mastery' in progress file C:\Users\User\curseforge\minecraft\Instances\jujutsu server nuestro\saves\Mundo nuevo\advancements\cd23f8c3-d310-4292-a1e7-ab8423d0a5cc.json - it doesn't exist anymore?
[02:22:35] [Server thread/WARN]: Ignored advancement 'jjkblueredpurple:blessed_by_the_sparks_of_black' in progress file C:\Users\User\curseforge\minecraft\Instances\jujutsu server nuestro\saves\Mundo nuevo\advancements\cd23f8c3-d310-4292-a1e7-ab8423d0a5cc.json - it doesn't exist anymore?
[02:22:35] [Server thread/INFO]: Luigireal[local:E:a38e0341] logged in with entity id 138 at (-138.4921431392117, -60.0, 118.7674874531249)
[02:22:35] [Render thread/WARN]: FakeLevel.refLevel is null, so Epic Fight can't override getBiomeManager().
This issue may happens when some mods are installed, such as BadOptimizations.
For more technical details, refer to: https://github.com/imthosea/BadOptimizations/issues/108
[02:22:35] [Render thread/INFO]: level load
[02:22:35] [Render thread/INFO]: Loading client level [Wrapped{ClientLevel@f24ppcdsu095a@minecraft:overworld}]-[f24ppcdsu095a@minecraft:overworld].
[02:22:35] [Server thread/INFO]: Luigireal se ha unido a la partida
[02:22:35] [Render thread/INFO]: Loaded [0] waiting chunk wrappers.
[02:22:35] [Render thread/INFO]: Reloading pipeline on dimension change: NamespacedId{namespace='minecraft', name='overworld'} => NamespacedId{namespace='minecraft', name='overworld'}
[02:22:35] [Render thread/INFO]: Destroying pipeline NamespacedId{namespace='minecraft', name='overworld'}
[02:22:35] [Render thread/INFO]: Creating pipeline for dimension NamespacedId{namespace='minecraft', name='overworld'}
[02:22:35] [Render thread/WARN]: Mod(s) [oculus] are modifying Embeddium class me.jellysquid.mods.sodium.client.render.chunk.RenderSectionManager, which may cause instability.
[02:22:35] [Render thread/WARN]: Mod(s) [oculus] are modifying Embeddium class me.jellysquid.mods.sodium.client.render.chunk.compile.tasks.ChunkBuilderMeshingTask, which may cause instability.
[02:22:35] [Render thread/WARN]: Mod(s) [oculus] are modifying Embeddium class me.jellysquid.mods.sodium.client.render.chunk.vertex.format.ChunkMeshFormats, which may cause instability.
[02:22:35] [Render thread/WARN]: Mod(s) [oculus] are modifying Embeddium class me.jellysquid.mods.sodium.client.render.chunk.vertex.format.ChunkMeshAttribute, which may cause instability.
[02:22:35] [Render thread/WARN]: Mod(s) [oculus] are modifying Embeddium class me.jellysquid.mods.sodium.client.gl.attribute.GlVertexFormat$Builder, which may cause instability.
[02:22:35] [Render thread/WARN]: Mod(s) [oculus] are modifying Embeddium class me.jellysquid.mods.sodium.client.gl.attribute.GlVertexAttributeFormat, which may cause instability.
[02:22:35] [Render thread/WARN]: Mod(s) [oculus] are modifying Embeddium class me.jellysquid.mods.sodium.client.render.chunk.DefaultChunkRenderer, which may cause instability.
[02:22:35] [Render thread/WARN]: Mod(s) [oculus] are modifying Embeddium class me.jellysquid.mods.sodium.client.render.chunk.ShaderChunkRenderer, which may cause instability.
[02:22:35] [Render thread/WARN]: Mod(s) [oculus] are modifying Embeddium class me.jellysquid.mods.sodium.client.render.chunk.compile.ChunkBuildBuffers, which may cause instability.
[02:22:35] [Render thread/WARN]: Mod(s) [oculus] are modifying Embeddium class me.jellysquid.mods.sodium.client.render.chunk.vertex.builder.ChunkMeshBufferBuilder, which may cause instability.
[02:22:35] [Render thread/WARN]: Mod(s) [oculus] are modifying Embeddium class me.jellysquid.mods.sodium.client.render.chunk.compile.buffers.BakedChunkModelBuilder, which may cause instability.
[02:22:35] [Render thread/WARN]: Mod(s) [sodiumdynamiclights] are modifying Embeddium class me.jellysquid.mods.sodium.client.model.light.data.LightDataAccess, which may cause instability.
[02:22:35] [Render thread/WARN]: Error loading class: net/caffeinemc/mods/sodium/client/model/light/data/LightDataAccess (java.lang.ClassNotFoundException: net.caffeinemc.mods.sodium.client.model.light.data.LightDataAccess)
[02:22:35] [Render thread/WARN]: Mod(s) [sodiumdynamiclights] are modifying Embeddium class me.jellysquid.mods.sodium.client.model.light.data.ArrayLightDataCache, which may cause instability.
[02:22:35] [Netty Local Client IO #0/INFO]: Read 553 bytes, 1 objects
[02:22:35] [Render thread/WARN]: Error loading class: net/caffeinemc/mods/sodium/client/model/light/data/ArrayLightDataCache (java.lang.ClassNotFoundException: net.caffeinemc.mods.sodium.client.model.light.data.ArrayLightDataCache)
[02:22:35] [Render thread/WARN]: Error loading class: net/fabricmc/fabric/api/blockview/v2/FabricBlockView (java.lang.ClassNotFoundException: net.fabricmc.fabric.api.blockview.v2.FabricBlockView)
[02:22:35] [Render thread/WARN]: Error loading class: net/fabricmc/fabric/api/rendering/data/v1/RenderAttachedBlockView (java.lang.ClassNotFoundException: net.fabricmc.fabric.api.rendering.data.v1.RenderAttachedBlockView)
[02:22:35] [Render thread/WARN]: Mod(s) [oculus] are modifying Embeddium class me.jellysquid.mods.sodium.client.model.light.smooth.SmoothLightPipeline, which may cause instability.
[02:22:35] [Render thread/WARN]: Mod(s) [oculus, sodiumdynamiclights] are modifying Embeddium class me.jellysquid.mods.sodium.client.model.light.flat.FlatLightPipeline, which may cause instability.
[02:22:35] [Render thread/WARN]: Error loading class: net/caffeinemc/mods/sodium/client/model/light/flat/FlatLightPipeline (java.lang.ClassNotFoundException: net.caffeinemc.mods.sodium.client.model.light.flat.FlatLightPipeline)
[02:22:35] [Server thread/INFO]: Loaded 47 cursed techniques from config
[02:22:35] [Server thread/ERROR]: [PhoneMod-Bank] Clase no encontrada: org.bukkit.Bukkit
[02:22:35] [Render thread/INFO]: Started 10 worker threads
[02:22:35] [Server thread/INFO]: Player [Luigireal] joined.
[02:22:35] [DH-Request Module Ticker [minecraft:overworld] Thread[0]/INFO]: Batch Chunk Generator initialized
[02:22:35] [DH-Request Module Ticker [minecraft:overworld] Thread[0]/INFO]: Creating world gen queue
[02:22:35] [DH-Request Module Ticker [minecraft:overworld] Thread[0]/INFO]: Created world gen queue
[02:22:35] [DH-Request Module Ticker [minecraft:overworld] Thread[0]/INFO]: Set world gen queue for level [minecraft:overworld].
[02:22:35] [Render thread/INFO]: JEI StartEventObserver received class net.minecraftforge.client.event.ClientPlayerNetworkEvent$LoggingIn
[02:22:35] [Render thread/INFO]: JEI StartEventObserver transitioning state from DISABLED to ENABLED
[02:22:35] [Render thread/INFO]: Sent Client Information of [Luigireal]
[02:22:35] [Render thread/INFO]: onClientOnlyConnected called: connectedToServer=[false], connectedToReplay=[false], hasSinglePlayerServer=[true], connectedToDedicatedServer=[false]
[02:22:35] [Server thread/INFO]: [EF-DEBUG] equipChange REMOVE slot=FEET from=Aire mods=[]
[02:22:35] [Server thread/INFO]: [EF-DEBUG] equipChange ADD slot=FEET to=Leather Boots mods=[attribute.name.epicfight.weight:845db27c-c624-495f-8c9f-6020a9a58b6b=0.0, attribute.name.epicfight.stun_armor:845db27c-c624-495f-8c9f-6020a9a58b6b=0.0]
[02:22:35] [Server thread/INFO]: [EF-DEBUG] playerATK_SPEED before add=4.0
[02:22:35] [Server thread/INFO]: [EF-DEBUG] playerATK_SPEED after add=4.0
[02:22:35] [Server thread/INFO]: [EF-DEBUG] equipChange REMOVE slot=LEGS from=Aire mods=[]
[02:22:35] [Server thread/INFO]: [EF-DEBUG] equipChange ADD slot=LEGS to=Yuji Itadori's Uniform mods=[attribute.name.epicfight.weight:d8499b04-0e66-4726-ab29-64469d734e0d=0.0, attribute.name.epicfight.stun_armor:d8499b04-0e66-4726-ab29-64469d734e0d=0.0]
[02:22:35] [Server thread/INFO]: [EF-DEBUG] playerATK_SPEED before add=4.0
[02:22:35] [Server thread/INFO]: [EF-DEBUG] playerATK_SPEED after add=4.0
[02:22:35] [Server thread/INFO]: [EF-DEBUG] equipChange REMOVE slot=CHEST from=Aire mods=[]
[02:22:35] [Server thread/INFO]: [EF-DEBUG] equipChange ADD slot=CHEST to=Yuji Itadori's Uniform mods=[attribute.name.epicfight.weight:9f3d476d-c118-4544-8365-64846904b48e=0.0, attribute.name.epicfight.stun_armor:9f3d476d-c118-4544-8365-64846904b48e=0.0]
[02:22:35] [Server thread/INFO]: [EF-DEBUG] playerATK_SPEED before add=4.0
[02:22:35] [Server thread/INFO]: [EF-DEBUG] playerATK_SPEED after add=4.0
[02:22:36] [Server thread/INFO]: Limitation of cd23f8c3-d310-4292-a1e7-ab8423d0a5cc was loaded
[02:22:36] [Server thread/INFO]: Sent Server Limitation of [Luigireal]
[02:22:36] [Server thread/INFO]: Received Client Information of [Luigireal]
[02:22:36] [Render thread/INFO]: JEI StartEventObserver received class net.minecraftforge.client.event.RecipesUpdatedEvent
[02:22:36] [Render thread/INFO]: JEI StartEventObserver received class net.minecraftforge.event.TagsUpdatedEvent
[02:22:36] [Render thread/INFO]: JEI StartEventObserver transitioning state from ENABLED to JEI_STARTED
[02:22:36] [Render thread/INFO]: Starting JEI...
[02:22:36] [Render thread/INFO]: Registering item subtypes...
[02:22:36] [Render thread/INFO]: Registering item subtypes took 3.158 ms
[02:22:36] [Render thread/INFO]: Registering fluid subtypes...
[02:22:36] [Render thread/INFO]: Registering fluid subtypes took 794.5 ?s
[02:22:36] [Render thread/INFO]: Registering ingredients...
[02:22:36] [Render thread/WARN]: Item Group has no display items and no search tab display items. Items from this group will be missing from the JEI ingredient list. Herramientas de admin.
[02:22:36] [Render thread/INFO]: Registering ingredients: jei:minecraft took 57.23 milliseconds
[02:22:36] [Render thread/INFO]: Registering ingredients took 57.58 ms
[02:22:36] [Render thread/INFO]: Registering extra ingredients...
[02:22:36] [Render thread/INFO]: Registering extra ingredients took 228.3 ?s
[02:22:36] [Render thread/INFO]: Registering search ingredient aliases...
[02:22:36] [Render thread/INFO]: Registering search ingredient aliases took 364.8 ?s
[02:22:36] [Render thread/INFO]: Registering categories...
[02:22:37] [Thread-6/INFO]: [System] [CHAT] §2CustomNpcs§f installed. For more info §9§nClick here
[02:22:38] [Render thread/WARN]: Failed loading villager cartographer registered at cartographer
[02:22:38] [Render thread/WARN]: Exception caught when registering villager
java.lang.NullPointerException: Cannot invoke "net.minecraft.world.entity.Entity.m_9236_()" because "p_219708_" is null
	at net.minecraft.world.entity.npc.VillagerTrades$TreasureMapForEmeralds.m_213663_(VillagerTrades.java:378) ~[client-1.20.1-20230612.114412-srg.jar%23264!/:?]
	at jeresources.collection.TradeList.addMerchantRecipe(TradeList.java:58) ~[JustEnoughResources-1.20.1-1.4.0.247.jar%23244!/:1.4.0.247]
	at jeresources.collection.TradeList.addITradeList(TradeList.java:69) ~[JustEnoughResources-1.20.1-1.4.0.247.jar%23244!/:1.4.0.247]
	at jeresources.entry.AbstractVillagerEntry.addITradeLists(AbstractVillagerEntry.java:29) ~[JustEnoughResources-1.20.1-1.4.0.247.jar%23244!/:1.4.0.247]
	at jeresources.entry.AbstractVillagerEntry.<init>(AbstractVillagerEntry.java:22) ~[JustEnoughResources-1.20.1-1.4.0.247.jar%23244!/:1.4.0.247]
	at jeresources.entry.VillagerEntry.<init>(VillagerEntry.java:19) ~[JustEnoughResources-1.20.1-1.4.0.247.jar%23244!/:1.4.0.247]
	at jeresources.util.VillagersHelper.initRegistry(VillagersHelper.java:23) ~[JustEnoughResources-1.20.1-1.4.0.247.jar%23244!/:1.4.0.247]
	at jeresources.compatibility.Compatibility.init(Compatibility.java:33) ~[JustEnoughResources-1.20.1-1.4.0.247.jar%23244!/:1.4.0.247]
	at jeresources.proxy.CommonProxy.initCompatibility(CommonProxy.java:14) ~[JustEnoughResources-1.20.1-1.4.0.247.jar%23244!/:1.4.0.247]
	at jeresources.jei.JEIConfig.registerCategories(JEIConfig.java:98) ~[JustEnoughResources-1.20.1-1.4.0.247.jar%23244!/:1.4.0.247]
	at mezz.jei.library.load.PluginLoader.lambda$createRecipeCategories$5(PluginLoader.java:119) ~[jei-1.20.1-forge-15.20.0.112.jar%23234!/:15.20.0.112]
	at mezz.jei.library.load.PluginCaller.callOnPlugins(PluginCaller.java:25) ~[jei-1.20.1-forge-15.20.0.112.jar%23234!/:15.20.0.112]
	at mezz.jei.library.load.PluginLoader.createRecipeCategories(PluginLoader.java:119) ~[jei-1.20.1-forge-15.20.0.112.jar%23234!/:15.20.0.112]
	at mezz.jei.library.load.PluginLoader.createRecipeManager(PluginLoader.java:154) ~[jei-1.20.1-forge-15.20.0.112.jar%23234!/:15.20.0.112]
	at mezz.jei.library.startup.JeiStarter.start(JeiStarter.java:115) ~[jei-1.20.1-forge-15.20.0.112.jar%23234!/:15.20.0.112]
	at mezz.jei.forge.startup.StartEventObserver.transitionState(StartEventObserver.java:130) ~[jei-1.20.1-forge-15.20.0.112.jar%23234!/:15.20.0.112]
	at mezz.jei.forge.startup.StartEventObserver.onEvent(StartEventObserver.java:98) ~[jei-1.20.1-forge-15.20.0.112.jar%23234!/:15.20.0.112]
	at net.minecraftforge.eventbus.EventBus.doCastFilter(EventBus.java:267) ~[eventbus-6.2.33.jar%2387!/:?]
	at net.minecraftforge.eventbus.EventBus.lambda$addListener$4(EventBus.java:258) ~[eventbus-6.2.33.jar%2387!/:?]
	at net.minecraftforge.eventbus.EventBus.post(EventBus.java:312) ~[eventbus-6.2.33.jar%2387!/:?]
	at net.minecraftforge.eventbus.EventBus.post(EventBus.java:298) ~[eventbus-6.2.33.jar%2387!/:?]
	at net.minecraft.client.multiplayer.ClientPacketListener.m_5859_(ClientPacketListener.java:1451) ~[client-1.20.1-20230612.114412-srg.jar%23264!/:?]
	at net.minecraft.network.protocol.game.ClientboundUpdateTagsPacket.m_5797_(ClientboundUpdateTagsPacket.java:35) ~[client-1.20.1-20230612.114412-srg.jar%23264!/:?]
	at net.minecraft.network.protocol.game.ClientboundUpdateTagsPacket.m_5797_(ClientboundUpdateTagsPacket.java:11) ~[client-1.20.1-20230612.114412-srg.jar%23264!/:?]
	at net.minecraft.network.protocol.PacketUtils.m_263899_(PacketUtils.java:22) ~[client-1.20.1-20230612.114412-srg.jar%23264!/:?]
	at net.minecraft.util.thread.BlockableEventLoop.m_6367_(BlockableEventLoop.java:156) ~[client-1.20.1-20230612.114412-srg.jar%23264!/:?]
	at net.minecraft.util.thread.ReentrantBlockableEventLoop.m_6367_(ReentrantBlockableEventLoop.java:23) ~[client-1.20.1-20230612.114412-srg.jar%23264!/:?]
	at net.minecraft.util.thread.BlockableEventLoop.m_7245_(BlockableEventLoop.java:130) ~[client-1.20.1-20230612.114412-srg.jar%23264!/:?]
	at net.minecraft.util.thread.BlockableEventLoop.m_18699_(BlockableEventLoop.java:115) ~[client-1.20.1-20230612.114412-srg.jar%23264!/:?]
	at net.minecraft.client.Minecraft.m_91383_(Minecraft.java:1106) ~[client-1.20.1-20230612.114412-srg.jar%23264!/:?]
	at net.minecraft.client.Minecraft.m_91374_(Minecraft.java:718) ~[client-1.20.1-20230612.114412-srg.jar%23264!/:?]
	at net.minecraft.client.main.Main.main(Main.java:218) ~[forge-47.4.20.jar:?]
	at jdk.internal.reflect.NativeMethodAccessorImpl.invoke0(Native Method) ~[?:?]
	at jdk.internal.reflect.NativeMethodAccessorImpl.invoke(Unknown Source) ~[?:?]
	at jdk.internal.reflect.DelegatingMethodAccessorImpl.invoke(Unknown Source) ~[?:?]
	at java.lang.reflect.Method.invoke(Unknown Source) ~[?:?]
	at net.minecraftforge.fml.loading.targets.CommonLaunchHandler.runTarget(CommonLaunchHandler.java:111) ~[fmlloader-1.20.1-47.4.20.jar:?]
	at net.minecraftforge.fml.loading.targets.CommonLaunchHandler.clientService(CommonLaunchHandler.java:99) ~[fmlloader-1.20.1-47.4.20.jar:?]
	at net.minecraftforge.fml.loading.targets.CommonClientLaunchHandler.lambda$makeService$0(CommonClientLaunchHandler.java:25) ~[fmlloader-1.20.1-47.4.20.jar:?]
	at cpw.mods.modlauncher.LaunchServiceHandlerDecorator.launch(LaunchServiceHandlerDecorator.java:30) ~[modlauncher-10.0.9.jar:?]
	at cpw.mods.modlauncher.LaunchServiceHandler.launch(LaunchServiceHandler.java:53) ~[modlauncher-10.0.9.jar:?]
	at cpw.mods.modlauncher.LaunchServiceHandler.launch(LaunchServiceHandler.java:71) ~[modlauncher-10.0.9.jar:?]
	at cpw.mods.modlauncher.Launcher.run(Launcher.java:108) ~[modlauncher-10.0.9.jar:?]
	at cpw.mods.modlauncher.Launcher.main(Launcher.java:78) ~[modlauncher-10.0.9.jar:?]
	at cpw.mods.modlauncher.BootstrapLaunchConsumer.accept(BootstrapLaunchConsumer.java:26) ~[modlauncher-10.0.9.jar:?]
	at cpw.mods.modlauncher.BootstrapLaunchConsumer.accept(BootstrapLaunchConsumer.java:23) ~[modlauncher-10.0.9.jar:?]
	at cpw.mods.bootstraplauncher.BootstrapLauncher.main(BootstrapLauncher.java:141) ~[bootstraplauncher-1.1.2.jar:?]
[02:22:38] [Render thread/INFO]: Registering categories: minecraft:jeresources took 1.423 seconds
[02:22:38] [Render thread/INFO]: Registering categories took 1.438 s
[02:22:38] [Render thread/INFO]: Registering vanilla category extensions...
[02:22:38] [Render thread/INFO]: Registering vanilla category extensions took 2.562 ms
[02:22:38] [Render thread/INFO]: Registering recipe catalysts...
[02:22:38] [Render thread/INFO]: Registering recipe catalysts took 479.7 ?s
[02:22:38] [Render thread/INFO]: Building recipe registry...
[02:22:38] [Render thread/INFO]: Building recipe registry took 8.272 ms
[02:22:38] [Render thread/INFO]: Registering advanced plugins...
[02:22:38] [Render thread/INFO]: Registering advanced plugins took 170.0 ?s
[02:22:38] [Render thread/INFO]: Registering recipes...
[02:22:38] [Render thread/INFO]: Registering recipes: jei:minecraft took 271.7 milliseconds
[02:22:38] [Render thread/INFO]: Registering recipes: mts:main took 26.43 milliseconds
[02:22:38] [DH-PostLevelLoadCacheClearTimer/INFO]: Executing post-level-load render cache clear to ensure LODs are visible.
[02:22:38] [DH-PostLevelLoadCacheClearTimer/INFO]: Disposing render data...
[02:22:38] [DH-PostLevelLoadCacheClearTimer/INFO]: Render data cleared, please wait a moment for everything to reload...
[02:22:38] [Render thread/INFO]: Registering recipes: minecraft:jeresources took 335.3 milliseconds
[02:22:38] [Render thread/INFO]: Registering recipes took 635.3 ms
[02:22:39] [Render thread/INFO]: Registering recipes transfer handlers...
[02:22:39] [Render thread/INFO]: Registering recipes transfer handlers took 2.049 ms
[02:22:39] [Render thread/INFO]: Building runtime...
[02:22:39] [Render thread/INFO]: Registering gui handlers...
[02:22:39] [Render thread/INFO]: Registering gui handlers took 8.526 ms
[02:22:39] [Render thread/INFO]: Registering Runtime...
[02:22:39] [Render thread/INFO]: Starting JEI GUI
[02:22:39] [Render thread/INFO]: Building ingredient list...
[02:22:39] [Render thread/INFO]: Building ingredient list took 42.68 ms
[02:22:39] [Render thread/INFO]: Building ingredient filter...
[02:22:39] [Render thread/INFO]: Adding 4765 ingredients
[02:22:39] [Render thread/INFO]: Added 4765 ingredients
[02:22:39] [Render thread/INFO]: Building ingredient filter took 666.8 ms
[02:22:39] [Render thread/INFO]: Registering Runtime: jei:forge_gui took 768.8 milliseconds
[02:22:39] [Render thread/INFO]: Registering Runtime took 769.2 ms
[02:22:39] [Render thread/INFO]: Building runtime took 782.8 ms
[02:22:39] [Render thread/INFO]: Sending Runtime...
[02:22:39] [Render thread/INFO]: Sending Runtime took 166.1 ?s
[02:22:39] [Render thread/INFO]: Starting JEI took 2.970 s
[02:22:39] [Render thread/INFO]: Loaded 331 advancements
[02:22:39] [Render thread/INFO]: Received Server Limitation of [Luigireal]
[02:22:39] [Render thread/INFO]: Creating GLProxy... If this is the last message you see there must have been an OpenGL error.
[02:22:39] [Render thread/INFO]: Lod Render OpenGL version [4.6.0 NVIDIA 560.94].
[02:22:39] [Render thread/INFO]: minecraftGlCapabilities:
Your OpenGL support:
openGL version 3.2+: [true] <- REQUIRED
Vertex Attribute Buffer Binding: [true] <- optional improvement
Buffer Storage: [true] <- optional improvement

[02:22:39] [Render thread/INFO]: GPU Vendor [NVIDIA CORPORATION] with OS [Windows], Preferred upload method is [BUFFER_STORAGE].
[02:22:39] [Render thread/INFO]: GLProxy creation successful. OpenGL smiles upon you this day.
[02:22:40] [Render thread/INFO]: Setting up renderer
[02:22:40] [Render thread/INFO]: Loading shader with type: [35633]
[02:22:40] [Render thread/INFO]: Shader loaded sucessfully.
[02:22:40] [Render thread/INFO]: Loading shader with type: [35632]
[02:22:40] [Render thread/INFO]: Shader loaded sucessfully.
[02:22:40] [Render thread/INFO]: Vertex Attribute (GL43+) completed. It contains 1 binding points and a stride size of 16
[02:22:40] [Render thread/INFO]: Renderer setup complete
[02:22:40] [Render thread/INFO]: Loading shader with type: [35633]
[02:22:40] [Render thread/INFO]: Shader loaded sucessfully.
[02:22:40] [Render thread/INFO]: Loading shader with type: [35632]
[02:22:40] [Render thread/INFO]: Shader loaded sucessfully.
[02:22:40] [Render thread/INFO]: Vertex Attribute (GL43+) completed. It contains 1 binding points and a stride size of 12
[02:22:40] [Render thread/INFO]: Loading shader with type: [35633]
[02:22:40] [Render thread/INFO]: Shader loaded sucessfully.
[02:22:40] [Render thread/INFO]: Loading shader with type: [35632]
[02:22:40] [Render thread/INFO]: Shader loaded sucessfully.
[02:22:40] [Render thread/INFO]: Vertex Attribute (GL43+) completed. It contains 1 binding points and a stride size of 12
[02:22:40] [Render thread/INFO]: Loading shader with type: [35633]
[02:22:40] [Render thread/INFO]: Shader loaded sucessfully.
[02:22:40] [Render thread/INFO]: Loading shader with type: [35632]
[02:22:40] [Render thread/INFO]: Shader loaded sucessfully.
[02:22:40] [Render thread/INFO]: Loading shader with type: [35633]
[02:22:40] [Render thread/INFO]: Shader loaded sucessfully.
[02:22:40] [Render thread/INFO]: Loading shader with type: [35632]
[02:22:40] [Render thread/INFO]: Shader loaded sucessfully.
[02:22:40] [Render thread/INFO]: Vertex Attribute (GL43+) completed. It contains 1 binding points and a stride size of 8
[02:22:40] [Render thread/INFO]: Loading shader with type: [35633]
[02:22:40] [Render thread/INFO]: Shader loaded sucessfully.
[02:22:40] [Render thread/INFO]: Loading shader with type: [35632]
[02:22:40] [Render thread/INFO]: Shader loaded sucessfully.
[02:22:40] [Render thread/INFO]: Loading shader with type: [35633]
[02:22:40] [Render thread/INFO]: Shader loaded sucessfully.
[02:22:40] [Render thread/INFO]: Loading shader with type: [35632]
[02:22:40] [Render thread/INFO]: Shader loaded sucessfully.
[02:22:40] [Render thread/INFO]: Loading shader with type: [35633]
[02:22:40] [Render thread/INFO]: Shader loaded sucessfully.
[02:22:40] [Render thread/INFO]: Loading shader with type: [35632]
[02:22:40] [Render thread/INFO]: Shader loaded sucessfully.
[02:22:40] [Render thread/INFO]: Loading shader with type: [35633]
[02:22:40] [Render thread/INFO]: Shader loaded sucessfully.
[02:22:40] [Render thread/INFO]: Loading shader with type: [35632]
[02:22:40] [Render thread/INFO]: Shader loaded sucessfully.
[02:22:40] [Render thread/INFO]: Loading shader with type: [35633]
[02:22:40] [Render thread/INFO]: Shader loaded sucessfully.
[02:22:40] [Render thread/INFO]: Loading shader with type: [35632]
[02:22:40] [Render thread/INFO]: Shader loaded sucessfully.
[02:22:40] [Render thread/WARN]: Mod(s) [oculus] are modifying Embeddium class me.jellysquid.mods.sodium.client.gl.shader.ShaderType, which may cause instability.
[02:22:40] [Render thread/WARN]: Mod(s) [oculus] are modifying Embeddium class me.jellysquid.mods.sodium.client.gl.shader.GlProgram, which may cause instability.
[02:22:40] [Render thread/INFO]: Loading shader with type: [35633]
[02:22:40] [Render thread/INFO]: Shader loaded sucessfully.
[02:22:40] [Render thread/INFO]: Loading shader with type: [35632]
[02:22:40] [Render thread/INFO]: Shader loaded sucessfully.
[02:22:40] [Server thread/INFO]: Received full high-res skin from Luigireal (8313 bytes)
[02:22:40] [Server thread/INFO]: [EF-DEBUG] equipChange REMOVE slot=LEGS from=Aire mods=[]
[02:22:40] [Server thread/INFO]: [EF-DEBUG] equipChange ADD slot=LEGS to=Instant Spirit Body of Distorted Killing mods=[attribute.name.epicfight.weight:d8499b04-0e66-4726-ab29-64469d734e0d=5.0, attribute.name.epicfight.stun_armor:d8499b04-0e66-4726-ab29-64469d734e0d=0.75]
[02:22:40] [Server thread/INFO]: [EF-DEBUG] equipChange REMOVE slot=CHEST from=Aire mods=[]
[02:22:40] [Server thread/INFO]: [EF-DEBUG] equipChange ADD slot=CHEST to=Instant Spirit Body of Distorted Killing mods=[attribute.name.epicfight.weight:9f3d476d-c118-4544-8365-64846904b48e=15.0, attribute.name.epicfight.stun_armor:9f3d476d-c118-4544-8365-64846904b48e=2.25]
[02:22:40] [Server thread/INFO]: [EF-DEBUG] equipChange REMOVE slot=HEAD from=Aire mods=[]
[02:22:40] [Server thread/INFO]: [EF-DEBUG] equipChange ADD slot=HEAD to=Instant Spirit Body of Distorted Killing mods=[attribute.name.epicfight.weight:2ad3f246-fee1-4e67-b886-69fd380bb150=5.0, attribute.name.epicfight.stun_armor:2ad3f246-fee1-4e67-b886-69fd380bb150=0.75]
[02:22:40] [Server thread/INFO]: [BossPoints] Cargados 1 spawn points desde disco.
[02:22:40] [Render thread/WARN]: Mod(s) [oculus] are modifying Embeddium class me.jellysquid.mods.sodium.client.render.chunk.region.RenderRegion$DeviceResources, which may cause instability.
[02:22:47] [ForkJoinPool.commonPool-worker-3/ERROR]: Error code from Epic Fight web server: <html>
<head><title>504 Gateway Time-out</title></head>
<body>
<center><h1>504 Gateway Time-out</h1></center>
</body>
</html>

[02:22:47] [ForkJoinPool.commonPool-worker-3/ERROR]: Could not find parent yesman/epicfight/api/collider/OBBCollider for class yesman/epicfight/api/client/physics/cloth/ClothSimulator$ClothOBBCollider in classloader jdk.internal.loader.ClassLoaders$AppClassLoader@6f496d9f on thread Thread[ForkJoinPool.commonPool-worker-3,10,main]
[02:22:47] [ForkJoinPool.commonPool-worker-3/ERROR]: An error occurred building event handler
java.lang.ClassNotFoundException: yesman.epicfight.api.collider.OBBCollider
	at jdk.internal.loader.BuiltinClassLoader.loadClass(Unknown Source) ~[?:?]
	at jdk.internal.loader.ClassLoaders$AppClassLoader.loadClass(Unknown Source) ~[?:?]
	at java.lang.ClassLoader.loadClass(Unknown Source) ~[?:?]
	at net.minecraftforge.eventbus.EventSubclassTransformer.buildEvents(EventSubclassTransformer.java:75) ~[eventbus-6.2.33.jar:?]
	at net.minecraftforge.eventbus.EventSubclassTransformer.transform(EventSubclassTransformer.java:31) ~[eventbus-6.2.33.jar:?]
	at net.minecraftforge.eventbus.EventBusEngine.processClass(EventBusEngine.java:30) ~[eventbus-6.2.33.jar:?]
	at net.minecraftforge.eventbus.service.ModLauncherService.processClassWithFlags(ModLauncherService.java:36) ~[eventbus-6.2.33.jar:6.2.33]
	at cpw.mods.modlauncher.LaunchPluginHandler.offerClassNodeToPlugins(LaunchPluginHandler.java:88) ~[modlauncher-10.0.9.jar:?]
	at cpw.mods.modlauncher.ClassTransformer.transform(ClassTransformer.java:120) ~[modlauncher-10.0.9.jar:?]
	at cpw.mods.modlauncher.TransformingClassLoader.maybeTransformClassBytes(TransformingClassLoader.java:50) ~[modlauncher-10.0.9.jar:?]
	at cpw.mods.cl.ModuleClassLoader.readerToClass(ModuleClassLoader.java:113) ~[securejarhandler-2.1.10.jar:?]
	at cpw.mods.cl.ModuleClassLoader.lambda$findClass$15(ModuleClassLoader.java:219) ~[securejarhandler-2.1.10.jar:?]
	at cpw.mods.cl.ModuleClassLoader.loadFromModule(ModuleClassLoader.java:229) ~[securejarhandler-2.1.10.jar:?]
	at cpw.mods.cl.ModuleClassLoader.findClass(ModuleClassLoader.java:219) ~[securejarhandler-2.1.10.jar:?]
	at cpw.mods.cl.ModuleClassLoader.loadClass(ModuleClassLoader.java:135) ~[securejarhandler-2.1.10.jar:?]
	at java.lang.ClassLoader.loadClass(Unknown Source) ~[?:?]
	at yesman.epicfight.api.client.physics.cloth.ClothColliderPresets.<clinit>(ClothColliderPresets.java:35) ~[?:?]
	at yesman.epicfight.client.online.EpicSkins.initDefaultCape(EpicSkins.java:125) ~[?:?]
	at yesman.epicfight.client.online.EpicSkins.lambda$initEpicSkins$4(EpicSkins.java:109) ~[?:?]
	at java.util.concurrent.CompletableFuture.uniWhenComplete(Unknown Source) ~[?:?]
	at java.util.concurrent.CompletableFuture$UniWhenComplete.tryFire(Unknown Source) ~[?:?]
	at java.util.concurrent.CompletableFuture.postComplete(Unknown Source) ~[?:?]
	at java.util.concurrent.CompletableFuture.postFire(Unknown Source) ~[?:?]
	at java.util.concurrent.CompletableFuture$UniWhenComplete.tryFire(Unknown Source) ~[?:?]
	at java.util.concurrent.CompletableFuture$Completion.exec(Unknown Source) ~[?:?]
	at java.util.concurrent.ForkJoinTask.doExec(Unknown Source) ~[?:?]
	at java.util.concurrent.ForkJoinPool$WorkQueue.topLevelExec(Unknown Source) ~[?:?]
	at java.util.concurrent.ForkJoinPool.scan(Unknown Source) ~[?:?]
	at java.util.concurrent.ForkJoinPool.runWorker(Unknown Source) ~[?:?]
	at java.util.concurrent.ForkJoinWorkerThread.run(Unknown Source) ~[?:?]
[02:22:50] [Render thread/INFO]: Sent Client Information of [Luigireal]
[02:22:50] [Server thread/INFO]: Received Client Information of [Luigireal]
[02:22:50] [Render thread/WARN]: Unable to play empty soundEvent: parcool:parcool.disable
[02:22:51] [Render thread/INFO]: Sent Client Information of [Luigireal]
[02:22:51] [Render thread/WARN]: Unable to play empty soundEvent: parcool:parcool.enable
[02:22:51] [Server thread/INFO]: Received Client Information of [Luigireal]
[02:22:57] [Server thread/INFO]: [Luigireal: Se ha infligido 200.0 de daño a Luigireal]
[02:22:57] [Render thread/INFO]: [System] [CHAT] Se ha infligido 200.0 de daño a Luigireal
[02:23:05] [Server thread/INFO]: [Luigireal: Se ha infligido 200.0 de daño a Luigireal]
[02:23:05] [Render thread/INFO]: [System] [CHAT] Se ha infligido 200.0 de daño a Luigireal
[02:23:14] [Server thread/INFO]: [Luigireal: Se ha infligido 200.0 de daño a Luigireal]
[02:23:14] [Render thread/INFO]: [System] [CHAT] Se ha infligido 200.0 de daño a Luigireal
[02:23:28] [Server thread/INFO]: Saving and pausing game...
[02:23:28] [Server thread/INFO]: Saving chunks for level 'ServerLevel[Mundo nuevo]'/minecraft:overworld
[02:23:28] [Server thread/INFO]: Saving chunks for level 'ServerLevel[Mundo nuevo]'/jujutsucraft:cursed_spirit_manipulation_dimension
[02:23:28] [Server thread/INFO]: Saving chunks for level 'ServerLevel[Mundo nuevo]'/jujutsucraftv:tomb_of_the_star_dimension
[02:23:28] [Server thread/INFO]: Saving chunks for level 'ServerLevel[Mundo nuevo]'/minecraft:the_end
[02:23:28] [Server thread/INFO]: Saving chunks for level 'ServerLevel[Mundo nuevo]'/minecraft:the_nether
[02:23:28] [Server thread/INFO]: Saving chunks for level 'ServerLevel[Mundo nuevo]'/jujutsucrafts:tombs_of_the_star_corridor
[02:24:08] [Render thread/INFO]: Sent Client Information of [Luigireal]
[02:24:08] [Server thread/INFO]: Received Client Information of [Luigireal]
[02:24:09] [Render thread/INFO]: Sent Client Information of [Luigireal]
[02:24:09] [Server thread/INFO]: Received Client Information of [Luigireal]
[02:24:11] [Render thread/INFO]: Sent Client Information of [Luigireal]
[02:24:11] [Server thread/INFO]: Received Client Information of [Luigireal]
[02:24:20] [Server thread/INFO]: Saving and pausing game...
[02:24:20] [Server thread/INFO]: Saving chunks for level 'ServerLevel[Mundo nuevo]'/minecraft:overworld
[02:24:20] [Server thread/INFO]: Saving chunks for level 'ServerLevel[Mundo nuevo]'/jujutsucraft:cursed_spirit_manipulation_dimension
[02:24:20] [Server thread/INFO]: Saving chunks for level 'ServerLevel[Mundo nuevo]'/jujutsucraftv:tomb_of_the_star_dimension
[02:24:20] [Server thread/INFO]: Saving chunks for level 'ServerLevel[Mundo nuevo]'/minecraft:the_end
[02:24:20] [Server thread/INFO]: Saving chunks for level 'ServerLevel[Mundo nuevo]'/minecraft:the_nether
[02:24:20] [Server thread/INFO]: Saving chunks for level 'ServerLevel[Mundo nuevo]'/jujutsucrafts:tombs_of_the_star_corridor
[02:24:32] [Render thread/WARN]: Redundant @Unique on injector method jjkblueredpurple$boostBlackFlash(Lnet/minecraft/world/level/LevelAccessor;DDDLnet/minecraft/world/entity/Entity;Lorg/spongepowered/asm/mixin/injection/callback/CallbackInfo;)V in mixins.jjkblueredpurple.json:RangeAttackProcedureMixin. Injectors are implicitly unique
[02:24:32] [Render thread/WARN]: @ModifyConstant conflict. Skipping mixins.jujutsucrafts.json:RangeAttackMixin->@ModifyConstant::blackFlashChance(DLnet/minecraft/world/level/LevelAccessor;DDDLnet/minecraft/world/entity/Entity;)D with priority -999999, already redirected by mixins.jjkblueredpurple.json:RangeAttackBlackFlashChanceMixin->@ModifyConstant::jjkblueredpurple$bfRollChance(D)D with priority 1000
[02:24:34] [Render thread/INFO]: [Afterimage-PACKET] BroadcastPacket recibido uuid=cd23f8c3-d310-4292-a1e7-ab8423d0a5cc davidMode=true color=(0.60,0.80,1.00)
[02:24:41] [Server thread/INFO]: [JJKStats] Black Flash de Luigireal
[02:24:41] [Render thread/INFO]: [System] [CHAT] §fLuigireal : §4§l¡Kokusen!
[02:24:45] [Server thread/INFO]: Saving and pausing game...
[02:24:45] [Server thread/INFO]: Saving chunks for level 'ServerLevel[Mundo nuevo]'/minecraft:overworld
[02:24:45] [Server thread/INFO]: Saving chunks for level 'ServerLevel[Mundo nuevo]'/jujutsucraft:cursed_spirit_manipulation_dimension
[02:24:45] [Server thread/INFO]: Saving chunks for level 'ServerLevel[Mundo nuevo]'/jujutsucraftv:tomb_of_the_star_dimension
[02:24:45] [Server thread/INFO]: Saving chunks for level 'ServerLevel[Mundo nuevo]'/minecraft:the_end
[02:24:45] [Server thread/INFO]: Saving chunks for level 'ServerLevel[Mundo nuevo]'/minecraft:the_nether
[02:24:45] [Server thread/INFO]: Saving chunks for level 'ServerLevel[Mundo nuevo]'/jujutsucrafts:tombs_of_the_star_corridor
[02:25:08] [Server thread/INFO]: [EF-DEBUG] getArmorNegation ATTR hand=OFF_HAND value=0.0 entity=Luigireal
[02:25:12] [Server thread/INFO]: Saving and pausing game...
[02:25:12] [Server thread/INFO]: Saving chunks for level 'ServerLevel[Mundo nuevo]'/minecraft:overworld
[02:25:12] [Server thread/INFO]: Saving chunks for level 'ServerLevel[Mundo nuevo]'/jujutsucraft:cursed_spirit_manipulation_dimension
[02:25:12] [Server thread/INFO]: Saving chunks for level 'ServerLevel[Mundo nuevo]'/jujutsucraftv:tomb_of_the_star_dimension
[02:25:12] [Server thread/INFO]: Saving chunks for level 'ServerLevel[Mundo nuevo]'/minecraft:the_end
[02:25:12] [Server thread/INFO]: Saving chunks for level 'ServerLevel[Mundo nuevo]'/minecraft:the_nether
[02:25:12] [Server thread/INFO]: Saving chunks for level 'ServerLevel[Mundo nuevo]'/jujutsucrafts:tombs_of_the_star_corridor
[02:29:07] [Render thread/INFO]: Client on ClientOnly mode disconnecting.
[02:29:07] [level shutdown/INFO]: Shutting down ClientRenderState
[02:29:07] [level shutdown/INFO]: Closing database connection: [jdbc:dh_sqlite:C:\Users\User\curseforge\minecraft\Instances\jujutsu server nuestro\saves\Mundo nuevo\DIM-1\data\DistantHorizons.sqlite]...
[02:29:07] [level shutdown/INFO]: Closing database connection: [jdbc:dh_sqlite:C:\Users\User\curseforge\minecraft\Instances\jujutsu server nuestro\saves\Mundo nuevo\dimensions\jujutsucraftv\tomb_of_the_star_dimension\data\DistantHorizons.sqlite]...
[02:29:07] [level shutdown/INFO]: Closing database connection: [jdbc:dh_sqlite:C:\Users\User\curseforge\minecraft\Instances\jujutsu server nuestro\saves\Mundo nuevo\dimensions\jujutsucraft\cursed_spirit_manipulation_dimension\data\DistantHorizons.sqlite]...
[02:29:07] [level shutdown/INFO]: Shutting down LodQuadTree...
[02:29:07] [level shutdown/INFO]: Closing database connection: [jdbc:dh_sqlite:C:\Users\User\curseforge\minecraft\Instances\jujutsu server nuestro\saves\Mundo nuevo\dimensions\jujutsucrafts\tombs_of_the_star_corridor\data\DistantHorizons.sqlite]...
[02:29:07] [level shutdown/INFO]: Closing database connection: [jdbc:dh_sqlite:C:\Users\User\curseforge\minecraft\Instances\jujutsu server nuestro\saves\Mundo nuevo\DIM1\data\DistantHorizons.sqlite]...
[02:29:07] [level shutdown/INFO]: Finished shutting down LodQuadTree
[02:29:07] [level shutdown/INFO]: Closing world gen queue
[02:29:07] [level shutdown/INFO]: Finished closing database connection: [jdbc:dh_sqlite:C:\Users\User\curseforge\minecraft\Instances\jujutsu server nuestro\saves\Mundo nuevo\dimensions\jujutsucraftv\tomb_of_the_star_dimension\data\DistantHorizons.sqlite]
[02:29:07] [level shutdown/INFO]: Finished closing database connection: [jdbc:dh_sqlite:C:\Users\User\curseforge\minecraft\Instances\jujutsu server nuestro\saves\Mundo nuevo\dimensions\jujutsucraft\cursed_spirit_manipulation_dimension\data\DistantHorizons.sqlite]
[02:29:07] [level shutdown/INFO]: Closed DHLevel for [Wrapped{ServerLevel[Mundo nuevo]@jujutsucraftv:tomb_of_the_star_dimension}].
[02:29:07] [level shutdown/INFO]: Closed DHLevel for [Wrapped{ServerLevel[Mundo nuevo]@jujutsucraft:cursed_spirit_manipulation_dimension}].
[02:29:07] [level shutdown/INFO]: Finished closing database connection: [jdbc:dh_sqlite:C:\Users\User\curseforge\minecraft\Instances\jujutsu server nuestro\saves\Mundo nuevo\DIM-1\data\DistantHorizons.sqlite]
[02:29:07] [level shutdown/WARN]: Attempting to close already closed database connection: [jdbc:dh_sqlite:C:\Users\User\curseforge\minecraft\Instances\jujutsu server nuestro\saves\Mundo nuevo\dimensions\jujutsucraftv\tomb_of_the_star_dimension\data\DistantHorizons.sqlite]
[02:29:07] [level shutdown/WARN]: Attempting to close already closed database connection: [jdbc:dh_sqlite:C:\Users\User\curseforge\minecraft\Instances\jujutsu server nuestro\saves\Mundo nuevo\dimensions\jujutsucraft\cursed_spirit_manipulation_dimension\data\DistantHorizons.sqlite]
[02:29:07] [level shutdown/INFO]: Closed DHLevel for [Wrapped{ServerLevel[Mundo nuevo]@minecraft:the_nether}].
[02:29:07] [level shutdown/INFO]: Closed DhClientServerLevel for Wrapped{ServerLevel[Mundo nuevo]@jujutsucraftv:tomb_of_the_star_dimension}
[02:29:07] [level shutdown/INFO]: Closed DhClientServerLevel for Wrapped{ServerLevel[Mundo nuevo]@jujutsucraft:cursed_spirit_manipulation_dimension}
[02:29:07] [level shutdown/WARN]: Attempting to close already closed database connection: [jdbc:dh_sqlite:C:\Users\User\curseforge\minecraft\Instances\jujutsu server nuestro\saves\Mundo nuevo\DIM-1\data\DistantHorizons.sqlite]
[02:29:07] [level shutdown/INFO]: Closed DhClientServerLevel for Wrapped{ServerLevel[Mundo nuevo]@minecraft:the_nether}
[02:29:07] [level shutdown/INFO]: Finished closing database connection: [jdbc:dh_sqlite:C:\Users\User\curseforge\minecraft\Instances\jujutsu server nuestro\saves\Mundo nuevo\DIM1\data\DistantHorizons.sqlite]
[02:29:07] [level shutdown/INFO]: Closed DHLevel for [Wrapped{ServerLevel[Mundo nuevo]@minecraft:the_end}].
[02:29:07] [level shutdown/WARN]: Attempting to close already closed database connection: [jdbc:dh_sqlite:C:\Users\User\curseforge\minecraft\Instances\jujutsu server nuestro\saves\Mundo nuevo\DIM1\data\DistantHorizons.sqlite]
[02:29:07] [level shutdown/INFO]: Closed DhClientServerLevel for Wrapped{ServerLevel[Mundo nuevo]@minecraft:the_end}
[02:29:07] [level shutdown/INFO]: Finished closing database connection: [jdbc:dh_sqlite:C:\Users\User\curseforge\minecraft\Instances\jujutsu server nuestro\saves\Mundo nuevo\dimensions\jujutsucrafts\tombs_of_the_star_corridor\data\DistantHorizons.sqlite]
[02:29:07] [level shutdown/INFO]: Closed DHLevel for [Wrapped{ServerLevel[Mundo nuevo]@jujutsucrafts:tombs_of_the_star_corridor}].
[02:29:07] [level shutdown/INFO]: Closing WorldGenerationQueue...
[02:29:07] [level shutdown/WARN]: Attempting to close already closed database connection: [jdbc:dh_sqlite:C:\Users\User\curseforge\minecraft\Instances\jujutsu server nuestro\saves\Mundo nuevo\dimensions\jujutsucrafts\tombs_of_the_star_corridor\data\DistantHorizons.sqlite]
[02:29:07] [level shutdown/INFO]: Shutting down world generator thread pool...
[02:29:07] [level shutdown/INFO]: Closed DhClientServerLevel for Wrapped{ServerLevel[Mundo nuevo]@jujutsucrafts:tombs_of_the_star_corridor}
[02:29:07] [level shutdown/INFO]: World generator thread pool shutdown with [0] incomplete tasks.
[02:29:07] [level shutdown/INFO]: [BatchGenerator] shutting down...
[02:29:07] [level shutdown/INFO]: Closing [BatchGenerationEnvironment]
[02:29:07] [level shutdown/INFO]: Finished closing WorldGenerationQueue
[02:29:07] [level shutdown/INFO]: Closing database connection: [jdbc:dh_sqlite:C:\Users\User\curseforge\minecraft\Instances\jujutsu server nuestro\saves\Mundo nuevo\data\DistantHorizons.sqlite]...
[02:29:07] [level shutdown/INFO]: Finished closing database connection: [jdbc:dh_sqlite:C:\Users\User\curseforge\minecraft\Instances\jujutsu server nuestro\saves\Mundo nuevo\data\DistantHorizons.sqlite]
[02:29:07] [level shutdown/INFO]: Closed DHLevel for [Wrapped{ServerLevel[Mundo nuevo]@minecraft:overworld}].
[02:29:07] [level shutdown/WARN]: Attempting to close already closed database connection: [jdbc:dh_sqlite:C:\Users\User\curseforge\minecraft\Instances\jujutsu server nuestro\saves\Mundo nuevo\data\DistantHorizons.sqlite]
[02:29:07] [level shutdown/INFO]: Closed DhClientServerLevel for Wrapped{ServerLevel[Mundo nuevo]@minecraft:overworld}
[02:29:07] [Render thread/INFO]: Closed DhWorld of type [CLIENT_SERVER].
[02:29:07] [level shutdown/WARN]: Attempting to close already closed database connection: [jdbc:dh_sqlite:C:\Users\User\curseforge\minecraft\Instances\jujutsu server nuestro\saves\Mundo nuevo\dimensions\jujutsucraft\cursed_spirit_manipulation_dimension\data\DistantHorizons.sqlite]
[02:29:07] [level shutdown/WARN]: Attempting to close already closed database connection: [jdbc:dh_sqlite:C:\Users\User\curseforge\minecraft\Instances\jujutsu server nuestro\saves\Mundo nuevo\dimensions\jujutsucraft\cursed_spirit_manipulation_dimension\data\DistantHorizons.sqlite]
[02:29:07] [level shutdown/WARN]: Attempting to close already closed database connection: [jdbc:dh_sqlite:C:\Users\User\curseforge\minecraft\Instances\jujutsu server nuestro\saves\Mundo nuevo\DIM-1\data\DistantHorizons.sqlite]
[02:29:07] [level shutdown/WARN]: Attempting to close already closed database connection: [jdbc:dh_sqlite:C:\Users\User\curseforge\minecraft\Instances\jujutsu server nuestro\saves\Mundo nuevo\DIM-1\data\DistantHorizons.sqlite]
[02:29:07] [level shutdown/WARN]: Attempting to close already closed database connection: [jdbc:dh_sqlite:C:\Users\User\curseforge\minecraft\Instances\jujutsu server nuestro\saves\Mundo nuevo\dimensions\jujutsucraft\cursed_spirit_manipulation_dimension\data\DistantHorizons.sqlite]
[02:29:07] [level shutdown/WARN]: Attempting to close already closed database connection: [jdbc:dh_sqlite:C:\Users\User\curseforge\minecraft\Instances\jujutsu server nuestro\saves\Mundo nuevo\dimensions\jujutsucraftv\tomb_of_the_star_dimension\data\DistantHorizons.sqlite]
[02:29:07] [level shutdown/WARN]: Attempting to close already closed database connection: [jdbc:dh_sqlite:C:\Users\User\curseforge\minecraft\Instances\jujutsu server nuestro\saves\Mundo nuevo\DIM-1\data\DistantHorizons.sqlite]
[02:29:07] [level shutdown/WARN]: Attempting to close already closed database connection: [jdbc:dh_sqlite:C:\Users\User\curseforge\minecraft\Instances\jujutsu server nuestro\saves\Mundo nuevo\dimensions\jujutsucrafts\tombs_of_the_star_corridor\data\DistantHorizons.sqlite]
[02:29:07] [level shutdown/INFO]: Closed DHLevel for [Wrapped{ServerLevel[Mundo nuevo]@jujutsucraft:cursed_spirit_manipulation_dimension}].
[02:29:07] [level shutdown/WARN]: Attempting to close already closed database connection: [jdbc:dh_sqlite:C:\Users\User\curseforge\minecraft\Instances\jujutsu server nuestro\saves\Mundo nuevo\data\DistantHorizons.sqlite]
[02:29:07] [level shutdown/WARN]: Attempting to close already closed database connection: [jdbc:dh_sqlite:C:\Users\User\curseforge\minecraft\Instances\jujutsu server nuestro\saves\Mundo nuevo\dimensions\jujutsucraftv\tomb_of_the_star_dimension\data\DistantHorizons.sqlite]
[02:29:07] [level shutdown/WARN]: Attempting to close already closed database connection: [jdbc:dh_sqlite:C:\Users\User\curseforge\minecraft\Instances\jujutsu server nuestro\saves\Mundo nuevo\dimensions\jujutsucrafts\tombs_of_the_star_corridor\data\DistantHorizons.sqlite]
[02:29:07] [level shutdown/INFO]: Closed DHLevel for [Wrapped{ServerLevel[Mundo nuevo]@minecraft:the_nether}].
[02:29:07] [level shutdown/WARN]: Attempting to close already closed database connection: [jdbc:dh_sqlite:C:\Users\User\curseforge\minecraft\Instances\jujutsu server nuestro\saves\Mundo nuevo\DIM1\data\DistantHorizons.sqlite]
[02:29:07] [level shutdown/WARN]: Attempting to close already closed database connection: [jdbc:dh_sqlite:C:\Users\User\curseforge\minecraft\Instances\jujutsu server nuestro\saves\Mundo nuevo\data\DistantHorizons.sqlite]
[02:29:07] [level shutdown/WARN]: Attempting to close already closed database connection: [jdbc:dh_sqlite:C:\Users\User\curseforge\minecraft\Instances\jujutsu server nuestro\saves\Mundo nuevo\dimensions\jujutsucraftv\tomb_of_the_star_dimension\data\DistantHorizons.sqlite]
[02:29:07] [level shutdown/WARN]: Attempting to close already closed database connection: [jdbc:dh_sqlite:C:\Users\User\curseforge\minecraft\Instances\jujutsu server nuestro\saves\Mundo nuevo\dimensions\jujutsucraft\cursed_spirit_manipulation_dimension\data\DistantHorizons.sqlite]
[02:29:07] [level shutdown/WARN]: Attempting to close already closed database connection: [jdbc:dh_sqlite:C:\Users\User\curseforge\minecraft\Instances\jujutsu server nuestro\saves\Mundo nuevo\DIM-1\data\DistantHorizons.sqlite]
[02:29:07] [level shutdown/WARN]: Attempting to close already closed database connection: [jdbc:dh_sqlite:C:\Users\User\curseforge\minecraft\Instances\jujutsu server nuestro\saves\Mundo nuevo\dimensions\jujutsucrafts\tombs_of_the_star_corridor\data\DistantHorizons.sqlite]
[02:29:07] [level shutdown/WARN]: Attempting to close already closed database connection: [jdbc:dh_sqlite:C:\Users\User\curseforge\minecraft\Instances\jujutsu server nuestro\saves\Mundo nuevo\DIM1\data\DistantHorizons.sqlite]
[02:29:07] [level shutdown/INFO]: Closed DHLevel for [Wrapped{ServerLevel[Mundo nuevo]@jujutsucraftv:tomb_of_the_star_dimension}].
[02:29:07] [level shutdown/INFO]: Closed DHLevel for [Wrapped{ServerLevel[Mundo nuevo]@jujutsucrafts:tombs_of_the_star_corridor}].
[02:29:07] [level shutdown/WARN]: Attempting to close already closed database connection: [jdbc:dh_sqlite:C:\Users\User\curseforge\minecraft\Instances\jujutsu server nuestro\saves\Mundo nuevo\DIM1\data\DistantHorizons.sqlite]
[02:29:07] [level shutdown/INFO]: Closed DhClientServerLevel for Wrapped{ServerLevel[Mundo nuevo]@minecraft:the_nether}
[02:29:07] [level shutdown/WARN]: Attempting to close already closed database connection: [jdbc:dh_sqlite:C:\Users\User\curseforge\minecraft\Instances\jujutsu server nuestro\saves\Mundo nuevo\data\DistantHorizons.sqlite]
[02:29:07] [level shutdown/INFO]: Closed DhClientServerLevel for Wrapped{ServerLevel[Mundo nuevo]@jujutsucraft:cursed_spirit_manipulation_dimension}
[02:29:07] [level shutdown/WARN]: Attempting to close already closed database connection: [jdbc:dh_sqlite:C:\Users\User\curseforge\minecraft\Instances\jujutsu server nuestro\saves\Mundo nuevo\dimensions\jujutsucrafts\tombs_of_the_star_corridor\data\DistantHorizons.sqlite]
[02:29:07] [level shutdown/WARN]: Attempting to close already closed database connection: [jdbc:dh_sqlite:C:\Users\User\curseforge\minecraft\Instances\jujutsu server nuestro\saves\Mundo nuevo\dimensions\jujutsucraftv\tomb_of_the_star_dimension\data\DistantHorizons.sqlite]
[02:29:07] [level shutdown/INFO]: Closed DHLevel for [Wrapped{ServerLevel[Mundo nuevo]@minecraft:the_end}].
[02:29:07] [level shutdown/INFO]: Closed DHLevel for [Wrapped{ServerLevel[Mundo nuevo]@minecraft:overworld}].
[02:29:07] [level shutdown/INFO]: Closed DhClientServerLevel for Wrapped{ServerLevel[Mundo nuevo]@jujutsucraftv:tomb_of_the_star_dimension}
[02:29:07] [level shutdown/WARN]: Attempting to close already closed database connection: [jdbc:dh_sqlite:C:\Users\User\curseforge\minecraft\Instances\jujutsu server nuestro\saves\Mundo nuevo\DIM1\data\DistantHorizons.sqlite]
[02:29:07] [level shutdown/INFO]: Closed DhClientServerLevel for Wrapped{ServerLevel[Mundo nuevo]@jujutsucrafts:tombs_of_the_star_corridor}
[02:29:07] [level shutdown/INFO]: Closed DhClientServerLevel for Wrapped{ServerLevel[Mundo nuevo]@minecraft:the_end}
[02:29:07] [level shutdown/WARN]: Attempting to close already closed database connection: [jdbc:dh_sqlite:C:\Users\User\curseforge\minecraft\Instances\jujutsu server nuestro\saves\Mundo nuevo\data\DistantHorizons.sqlite]
[02:29:07] [level shutdown/INFO]: Closed DhClientServerLevel for Wrapped{ServerLevel[Mundo nuevo]@minecraft:overworld}
[02:29:07] [Render thread/INFO]: Closed DhWorld of type [CLIENT_SERVER].
[02:29:07] [Render thread/INFO]: Shutting down PriorityTaskPicker thread pool...
[02:29:07] [Render thread/INFO]: Closing all [0] database connections...
[02:29:07] [Render thread/INFO]: JEI StartEventObserver received class net.minecraftforge.client.event.ClientPlayerNetworkEvent$LoggingOut
[02:29:07] [Render thread/INFO]: JEI StartEventObserver transitioning state from JEI_STARTED to DISABLED
[02:29:07] [Render thread/INFO]: Stopping JEI
[02:29:07] [Render thread/INFO]: Sending Runtime Unavailable...
[02:29:07] [Render thread/INFO]: Stopping JEI GUI
[02:29:07] [Render thread/INFO]: Sending Runtime Unavailable took 2.860 ms
[02:29:08] [Server thread/INFO]: Luigireal lost connection: Desconectado
[02:29:08] [Server thread/INFO]: Luigireal ha abandonado la partida
[02:29:08] [Server thread/INFO]: Limitation of cd23f8c3-d310-4292-a1e7-ab8423d0a5cc was unloaded
[02:29:08] [Render thread/INFO]: level unload
[02:29:08] [Render thread/INFO]: Unloading client level [ClientLevelWrapper]-[f24ppcdsu095a@minecraft:overworld].
[02:29:08] [Server thread/INFO]: Player [Luigireal] disconnected.
[02:29:08] [Server thread/INFO]: Stopping singleplayer server as player logged out
[02:29:08] [Server thread/INFO]: Server stopping - saving persistent data...
[02:29:08] [Server thread/INFO]: No regenerating blocks to save
[02:29:08] [Server thread/INFO]: Server shutdown complete
[02:29:08] [Server thread/INFO]: [ConfigWatcher] Detenido.
[02:29:08] [Server thread/INFO]: [ActiveSerializer] 0 instancias guardadas.
[02:29:08] [Server thread/INFO]: [DungeonMaster] Managers liberados.
[02:29:08] [Server thread/INFO]: Stopping server
[02:29:08] [Server thread/INFO]: Saving players
[02:29:08] [Server thread/INFO]: Saving worlds
[02:29:08] [Server thread/INFO]: Saving chunks for level 'ServerLevel[Mundo nuevo]'/minecraft:overworld
[02:29:08] [Server thread/INFO]: Saving chunks for level 'ServerLevel[Mundo nuevo]'/jujutsucraft:cursed_spirit_manipulation_dimension
[02:29:09] [Server thread/INFO]: Saving chunks for level 'ServerLevel[Mundo nuevo]'/jujutsucraftv:tomb_of_the_star_dimension
[02:29:09] [Server thread/INFO]: Saving chunks for level 'ServerLevel[Mundo nuevo]'/minecraft:the_end
[02:29:09] [Server thread/INFO]: Saving chunks for level 'ServerLevel[Mundo nuevo]'/minecraft:the_nether
[02:29:09] [Server thread/INFO]: Saving chunks for level 'ServerLevel[Mundo nuevo]'/jujutsucrafts:tombs_of_the_star_corridor
[02:29:09] [Server thread/INFO]: ThreadedAnvilChunkStorage (Mundo nuevo): All chunks are saved
[02:29:09] [Server thread/INFO]: ThreadedAnvilChunkStorage (cursed_spirit_manipulation_dimension): All chunks are saved
[02:29:09] [Server thread/INFO]: ThreadedAnvilChunkStorage (tomb_of_the_star_dimension): All chunks are saved
[02:29:09] [Server thread/INFO]: ThreadedAnvilChunkStorage (DIM1): All chunks are saved
[02:29:09] [Server thread/INFO]: ThreadedAnvilChunkStorage (DIM-1): All chunks are saved
[02:29:09] [Server thread/INFO]: ThreadedAnvilChunkStorage (tombs_of_the_star_corridor): All chunks are saved
[02:29:09] [Server thread/INFO]: ThreadedAnvilChunkStorage: All dimensions are saved
[02:29:09] [Server thread/INFO]: level unload
[02:29:10] [Server thread/INFO]: level unload
[02:29:10] [Server thread/INFO]: level unload
[02:29:10] [Server thread/INFO]: level unload
[02:29:10] [Server thread/INFO]: level unload
[02:29:10] [Server thread/INFO]: level unload
[02:29:12] [Server thread/INFO]: Data keys [epicfight:combo_counter, epicfight:basic_attack_active] for epicfight:basic_attack
[02:29:12] [Server thread/INFO]: Data keys [epicfight:penalty_restore_counter, epicfight:penalty] for epicfight:guard
[02:29:12] [Server thread/INFO]: Data keys [epicfight:penalty_restore_counter, epicfight:penalty, epicfight:parry_motion_counter, epicfight:last_active] for epicfight:parrying
[02:29:12] [Server thread/INFO]: Data keys [epicfight:penalty_restore_counter, epicfight:penalty] for epicfight:impact_guard
[02:29:12] [Server thread/INFO]: Data keys [epicfight:resisting_damage_type, epicfight:tick_record, epicfight:stacks] for epicfight:adaptive_skin
[02:29:12] [Server thread/INFO]: Data keys [epicfight:tick_record] for epicfight:adrenaline_fiend
[02:29:12] [Server thread/INFO]: Data keys [epicfight:entity_id, epicfight:stacks] for epicfight:bonebreaker
[02:29:12] [Server thread/INFO]: Data keys [epicfight:tick_record, epicfight:entity_id] for epicfight:vengeance
[02:29:12] [Server thread/INFO]: Data keys [epicfight:fall_distance, epicfight:slam_protect_next_fall] for epicfight:meteor_slam
[02:29:12] [Server thread/INFO]: Data keys [epicfight:stacks] for epicfight:revelation
[02:29:12] [Server thread/INFO]: Data keys [epicfight:slam_protect_next_fall] for epicfight:demolition_leap
[02:29:12] [Server thread/INFO]: Data keys [epicfight:jump_key_pressed_last_tick, epicfight:jump_count, epicfight:slam_protect_next_fall] for epicfight:phantom_ascent
[02:29:12] [Server thread/INFO]: Data keys [epicfight:last_hit_count] for epicfight:grasping_spire
[02:29:12] [Server thread/INFO]: Data keys [epicfight:sheath] for epicfight:battojutsu_passive
[02:29:12] [Server thread/INFO]: Data keys [epicfight:sheath] for epicfight:battojutsu
[02:29:12] [Server thread/INFO]: Data keys [epicfight:combo_counter] for epicfight:blade_rush
[02:29:12] [Server thread/INFO]: Data keys [epicfight:thrown_trident_entity_id] for epicfight:everlasting_allegiance
[02:29:12] [Render thread/INFO]: Stopping worker threads
[02:29:13] [Render thread/INFO]: Stopping!
